data_section,facility_name,reporting_year,parent_company,basin,sub_basin_or_unit,item_name,rule_citation_or_id,status_or_required,quantity_or_value,unit_or_uom,co2_emissions_mt,ch4_emissions_mt,n2o_emissions_mt,total_co2e_mt,additional_details
FACILITY_SUMMARY,(430) Civitas Resources - Permian Basin,2023,CIVITAS RESOURCES INC,430 - Permian Basin,,Facility Information,,Facility Site Address,"555 17th St. Suite 3700, Denver, CO 80202",Address,,,,,NAICS: 211120
FACILITY_SUMMARY,(430) Civitas Resources - Permian Basin,2023,CIVITAS RESOURCES INC,430 - Permian Basin,,Facility Information,,Parent Company,CIVITAS RESOURCES INC,Company,,,,,100% Ownership
FACILITY_SUMMARY,(430) Civitas Resources - Permian Basin,2023,CIVITAS RESOURCES INC,430 - Permian Basin,,Facility Information,,Industry Segment,Onshore petroleum and natural gas production [98.230(a)(2)],Segment 2,,,,,Subpart W
FACILITY_SUMMARY,(430) Civitas Resources - Permian Basin,2023,CIVITAS RESOURCES INC,430 - Permian Basin,,Emissions Total,,Total Facility CO2e,844548.5,Metric Tons,762092.0,3260.42,3.174,844548.5,"Non-Biogenic: 844,548.4 MT; Biogenic: 0 MT"
FACILITY_SUMMARY,(430) Civitas Resources - Permian Basin,2023,CIVITAS RESOURCES INC,430 - Permian Basin,,Production Volume,,Gas Produced From Wells,100774749.49,Mcf (thousand scf),,,,,100.77 Billion Cubic Feet (Bcf)
FACILITY_SUMMARY,(430) Civitas Resources - Permian Basin,2023,CIVITAS RESOURCES INC,430 - Permian Basin,,Production Volume,,Gas Produced For Sales,98972159.70,Mcf (thousand scf),,,,,98.97 Billion Cubic Feet (Bcf)
FACILITY_SUMMARY,(430) Civitas Resources - Permian Basin,2023,CIVITAS RESOURCES INC,430 - Permian Basin,,Production Volume,,Oil Produced For Sales,27939062.83,Barrels (bbl),,,,,27.94 Million Barrels
EMISSIONS_SOURCE,(430) Civitas Resources - Permian Basin,2023,CIVITAS RESOURCES INC,430 - Permian Basin,,Combustion Equipment at Onshore Petroleum and Natural Gas Production Facilities,98.236(z),Yes,542311.64,Metric Tons CO2e,541046.7,16.59,2.853,542311.64,64.21% of facility total CO2e
EMISSIONS_SOURCE,(430) Civitas Resources - Permian Basin,2023,CIVITAS RESOURCES INC,430 - Permian Basin,,Associated Gas Venting and Flaring,98.236(m),Yes,138417.80,Metric Tons CO2e,125676.1,507.01,0.223,138417.80,16.39% of facility total CO2e
EMISSIONS_SOURCE,(430) Civitas Resources - Permian Basin,2023,CIVITAS RESOURCES INC,430 - Permian Basin,,Atmospheric Storage Tanks,98.236(j),Yes,99626.80,Metric Tons CO2e,95280.6,172.68,0.098,99626.80,11.80% of facility total CO2e
EMISSIONS_SOURCE,(430) Civitas Resources - Permian Basin,2023,CIVITAS RESOURCES INC,430 - Permian Basin,,Natural Gas Pneumatic Devices,98.236(b),Yes,52605.75,Metric Tons CO2e,69.0,2101.47,0.000,52605.75,6.23% of facility total CO2e
EMISSIONS_SOURCE,(430) Civitas Resources - Permian Basin,2023,CIVITAS RESOURCES INC,430 - Permian Basin,,Completions and Workovers with Hydraulic Fracturing,98.236(g),Yes,6941.95,Metric Tons CO2e,9.2,277.31,0.000,6941.95,0.82% of facility total CO2e
EMISSIONS_SOURCE,(430) Civitas Resources - Permian Basin,2023,CIVITAS RESOURCES INC,430 - Permian Basin,,Equipment Leaks Surveys and Population Counts,"98.236(q,r)",Yes,2849.50,Metric Tons CO2e,5.0,113.78,0.000,2849.50,0.34% of facility total CO2e
EMISSIONS_SOURCE,(430) Civitas Resources - Permian Basin,2023,CIVITAS RESOURCES INC,430 - Permian Basin,,Natural Gas Driven Pneumatic Pumps,98.236(c),Yes,1163.25,Metric Tons CO2e,1.5,46.47,0.000,1163.25,0.14% of facility total CO2e
EMISSIONS_SOURCE,(430) Civitas Resources - Permian Basin,2023,CIVITAS RESOURCES INC,430 - Permian Basin,,Reciprocating Compressors,98.236(p),Yes,631.80,Metric Tons CO2e,3.8,25.12,0.000,631.80,0.07% of facility total CO2e
EMISSIONS_SOURCE,(430) Civitas Resources - Permian Basin,2023,CIVITAS RESOURCES INC,430 - Permian Basin,,Acid Gas Removal Units,98.236(d),Yes,0.00,Metric Tons CO2e,0.0,0.00,0.000,0.00,0.00% of facility total CO2e
EMISSIONS_SOURCE,(430) Civitas Resources - Permian Basin,2023,CIVITAS RESOURCES INC,430 - Permian Basin,,Dehydrators,98.236(e),Yes,0.00,Metric Tons CO2e,0.0,0.00,0.000,0.00,0.00% of facility total CO2e
EMISSIONS_SOURCE,(430) Civitas Resources - Permian Basin,2023,CIVITAS RESOURCES INC,430 - Permian Basin,,Well Venting for Liquids Unloading,98.236(f),Yes,0.00,Metric Tons CO2e,0.0,0.00,0.000,0.00,0.00% of facility total CO2e
EMISSIONS_SOURCE,(430) Civitas Resources - Permian Basin,2023,CIVITAS RESOURCES INC,430 - Permian Basin,,Completions and Workovers without Hydraulic Fracturing,98.236(h),Yes,0.00,Metric Tons CO2e,0.0,0.00,0.000,0.00,0.00% of facility total CO2e
EMISSIONS_SOURCE,(430) Civitas Resources - Permian Basin,2023,CIVITAS RESOURCES INC,430 - Permian Basin,,Blowdown Vent Stacks,98.236(i),No,0.00,Metric Tons CO2e,0.0,0.00,0.000,0.00,0.00% of facility total CO2e
EMISSIONS_SOURCE,(430) Civitas Resources - Permian Basin,2023,CIVITAS RESOURCES INC,430 - Permian Basin,,Transmission Storage Tanks,98.236(k),No,0.00,Metric Tons CO2e,0.0,0.00,0.000,0.00,0.00% of facility total CO2e
EMISSIONS_SOURCE,(430) Civitas Resources - Permian Basin,2023,CIVITAS RESOURCES INC,430 - Permian Basin,,Well Testing,98.236(l),Yes,0.00,Metric Tons CO2e,0.0,0.00,0.000,0.00,0.00% of facility total CO2e
EMISSIONS_SOURCE,(430) Civitas Resources - Permian Basin,2023,CIVITAS RESOURCES INC,430 - Permian Basin,,Flare Stacks,98.236(n),Yes,0.00,Metric Tons CO2e,0.0,0.00,0.000,0.00,0.00% of facility total CO2e
EMISSIONS_SOURCE,(430) Civitas Resources - Permian Basin,2023,CIVITAS RESOURCES INC,430 - Permian Basin,,Centrifugal Compressors,98.236(o),Yes,0.00,Metric Tons CO2e,0.0,0.00,0.000,0.00,0.00% of facility total CO2e
EMISSIONS_SOURCE,(430) Civitas Resources - Permian Basin,2023,CIVITAS RESOURCES INC,430 - Permian Basin,,Offshore Petroleum and Natural Gas Production,98.236(s),No,0.00,Metric Tons CO2e,0.0,0.00,0.000,0.00,0.00% of facility total CO2e
EMISSIONS_SOURCE,(430) Civitas Resources - Permian Basin,2023,CIVITAS RESOURCES INC,430 - Permian Basin,,Enhanced Oil Recovery Injection Pumps,98.236(w),Yes,0.00,Metric Tons CO2e,0.0,0.00,0.000,0.00,0.00% of facility total CO2e
EMISSIONS_SOURCE,(430) Civitas Resources - Permian Basin,2023,CIVITAS RESOURCES INC,430 - Permian Basin,,Enhanced Oil Recovery Hydrocarbon Liquids,98.236(x),Yes,0.00,Metric Tons CO2e,0.0,0.00,0.000,0.00,0.00% of facility total CO2e
EMISSIONS_SOURCE,(430) Civitas Resources - Permian Basin,2023,CIVITAS RESOURCES INC,430 - Permian Basin,,Onshore Production,98.236(aa)(1),Yes,0.00,Metric Tons CO2e,0.0,0.00,0.000,0.00,0.00% of facility total CO2e
EMISSIONS_SOURCE,(430) Civitas Resources - Permian Basin,2023,CIVITAS RESOURCES INC,430 - Permian Basin,,Facility Overview,98.236(aa)(2-11),No,0.00,Metric Tons CO2e,0.0,0.00,0.000,0.00,0.00% of facility total CO2e
SUB_BASIN_FORMATION,(430) Civitas Resources - Permian Basin,2023,CIVITAS RESOURCES INC,430 - Permian Basin,"430 - EDDY, NM (15) - Oil","Formation: Oil (EDDY County, NM)",,Wells EOY: 37,"Acquired: 38, Completed: 3",API: 51.92 deg; GOR: 7.2162901 Mcf/bbl,,,,,"LowPress: 112.5714286 psig; CH4 mol: 0.76715, CO2 mol: 0.0014592"
SUB_BASIN_FORMATION,(430) Civitas Resources - Permian Basin,2023,CIVITAS RESOURCES INC,430 - Permian Basin,"430 - EDDY, NM (15) - High permeability gas","Formation: High permeability gas (EDDY County, NM)",,Wells EOY: 15,"Acquired: 19, Completed: 0",API:  deg; GOR:  Mcf/bbl,,,,,"LowPress:  psig; CH4 mol: 0.76715, CO2 mol: 0.0014592"
SUB_BASIN_FORMATION,(430) Civitas Resources - Permian Basin,2023,CIVITAS RESOURCES INC,430 - Permian Basin,"430 - EDDY, NM (15) - Other tight reservoir rock","Formation: Other tight reservoir rock (EDDY County, NM)",,Wells EOY: 44,"Acquired: 46, Completed: 17",API:  deg; GOR:  Mcf/bbl,,,,,"LowPress:  psig; CH4 mol: 0.76715, CO2 mol: 0.0014592"
SUB_BASIN_FORMATION,(430) Civitas Resources - Permian Basin,2023,CIVITAS RESOURCES INC,430 - Permian Basin,"430 - LEA, NM (25) - Oil","Formation: Oil (LEA County, NM)",,Wells EOY: 89,"Acquired: 115, Completed: 31",API: 45.5088696 deg; GOR: 1.6272291 Mcf/bbl,,,,,"LowPress: 127.1084337 psig; CH4 mol: 0.7220488, CO2 mol: 0.0241782"
SUB_BASIN_FORMATION,(430) Civitas Resources - Permian Basin,2023,CIVITAS RESOURCES INC,430 - Permian Basin,"430 - LEA, NM (25) - High permeability gas","Formation: High permeability gas (LEA County, NM)",,Wells EOY: 0,"Acquired: 1, Completed: 0",API:  deg; GOR:  Mcf/bbl,,,,,"LowPress:  psig; CH4 mol: 0.7220488, CO2 mol: 0.0241782"
SUB_BASIN_FORMATION,(430) Civitas Resources - Permian Basin,2023,CIVITAS RESOURCES INC,430 - Permian Basin,"430 - LEA, NM (25) - Other tight reservoir rock","Formation: Other tight reservoir rock (LEA County, NM)",,Wells EOY: 13,"Acquired: 13, Completed: 2",API:  deg; GOR:  Mcf/bbl,,,,,"LowPress:  psig; CH4 mol: 0.7220488, CO2 mol: 0.0241782"
SUB_BASIN_FORMATION,(430) Civitas Resources - Permian Basin,2023,CIVITAS RESOURCES INC,430 - Permian Basin,"430 - LOVING, TX (301) - Other tight reservoir rock","Formation: Other tight reservoir rock (LOVING County, TX)",,Wells EOY: 11,"Acquired: 11, Completed: 6",API:  deg; GOR:  Mcf/bbl,,,,,"LowPress:  psig; CH4 mol: 0.70661, CO2 mol: 0.00317"
SUB_BASIN_FORMATION,(430) Civitas Resources - Permian Basin,2023,CIVITAS RESOURCES INC,430 - Permian Basin,"430 - LOVING, TX (301) - Oil","Formation: Oil (LOVING County, TX)",,Wells EOY: 23,"Acquired: 23, Completed: 14",API: 52.43 deg; GOR: 1.4487275 Mcf/bbl,,,,,"LowPress: 119.8399312 psig; CH4 mol: 0.70661, CO2 mol: 0.00317"
SUB_BASIN_FORMATION,(430) Civitas Resources - Permian Basin,2023,CIVITAS RESOURCES INC,430 - Permian Basin,"430 - REEVES, TX (389) - Oil","Formation: Oil (REEVES County, TX)",,Wells EOY: 16,"Acquired: 16, Completed: 10",API: 49.375 deg; GOR: 2.3563827 Mcf/bbl,,,,,"LowPress: 84.9199656 psig; CH4 mol: 0.7226859, CO2 mol: 0.0074594"
SUB_BASIN_FORMATION,(430) Civitas Resources - Permian Basin,2023,CIVITAS RESOURCES INC,430 - Permian Basin,"430 - REAGAN, TX (383) - Oil","Formation: Oil (REAGAN County, TX)",,Wells EOY: 223,"Acquired: 268, Completed: 25",API: 45.88 deg; GOR: 4.038579 Mcf/bbl,,,,,"LowPress: 50.0 psig; CH4 mol: 0.7355086, CO2 mol: 0.0088942"
SUB_BASIN_FORMATION,(430) Civitas Resources - Permian Basin,2023,CIVITAS RESOURCES INC,430 - Permian Basin,"430 - UPTON, TX (461) - Oil","Formation: Oil (UPTON County, TX)",,Wells EOY: 57,"Acquired: 58, Completed: 0",API: 45.88 deg; GOR: 5.0236315 Mcf/bbl,,,,,"LowPress: 50.0 psig; CH4 mol: 0.7355086, CO2 mol: 0.0088942"
WELL_INVENTORY,(430) Civitas Resources - Permian Basin,2023,CIVITAS RESOURCES INC,430 - Permian Basin,"430 - LEA, NM (25) - Oil",Well API 30-025-48313,30-025-48313,Status: Non-producing (Acquired),Completed: No completions required,N/A,,,,,Fluid: N/A; Vented: No; Flared: Yes
WELL_INVENTORY,(430) Civitas Resources - Permian Basin,2023,CIVITAS RESOURCES INC,430 - Permian Basin,"430 - LEA, NM (25) - Oil",Well API 30-025-48270,30-025-48270,Status: Non-producing (Acquired),Completed: No completions required,N/A,,,,,Fluid: N/A; Vented: No; Flared: Yes
WELL_INVENTORY,(430) Civitas Resources - Permian Basin,2023,CIVITAS RESOURCES INC,430 - Permian Basin,"430 - LEA, NM (25) - Oil",Well API 30-025-48272,30-025-48272,Status: Non-producing (Acquired),Completed: No completions required,N/A,,,,,Fluid: N/A; Vented: No; Flared: Yes
WELL_INVENTORY,(430) Civitas Resources - Permian Basin,2023,CIVITAS RESOURCES INC,430 - Permian Basin,"430 - LEA, NM (25) - Oil",Well API 30-025-48273,30-025-48273,Status: Non-producing (Acquired),Completed: No completions required,N/A,,,,,Fluid: N/A; Vented: No; Flared: Yes
WELL_INVENTORY,(430) Civitas Resources - Permian Basin,2023,CIVITAS RESOURCES INC,430 - Permian Basin,"430 - LEA, NM (25) - Oil",Well API 30-025-48274,30-025-48274,Status: Non-producing (Acquired),Completed: No completions required,N/A,,,,,Fluid: N/A; Vented: No; Flared: Yes
WELL_INVENTORY,(430) Civitas Resources - Permian Basin,2023,CIVITAS RESOURCES INC,430 - Permian Basin,"430 - LEA, NM (25) - Oil",Well API 30-025-48276,30-025-48276,Status: Non-producing (Acquired),Completed: No completions required,N/A,,,,,Fluid: N/A; Vented: No; Flared: Yes
WELL_INVENTORY,(430) Civitas Resources - Permian Basin,2023,CIVITAS RESOURCES INC,430 - Permian Basin,"430 - LEA, NM (25) - Oil",Well API 30-025-48253,30-025-48253,Status: Producing (Acquired),Completed: No completions required,N/A,,,,,Fluid: N/A; Vented: No; Flared: Yes
WELL_INVENTORY,(430) Civitas Resources - Permian Basin,2023,CIVITAS RESOURCES INC,430 - Permian Basin,"430 - LEA, NM (25) - Oil",Well API 30-025-48269,30-025-48269,Status: Producing (Acquired),Completed: No completions required,N/A,,,,,Fluid: N/A; Vented: No; Flared: Yes
WELL_INVENTORY,(430) Civitas Resources - Permian Basin,2023,CIVITAS RESOURCES INC,430 - Permian Basin,"430 - LEA, NM (25) - Oil",Well API 30-025-48254,30-025-48254,Status: Producing (Acquired),Completed: No completions required,N/A,,,,,Fluid: N/A; Vented: No; Flared: Yes
WELL_INVENTORY,(430) Civitas Resources - Permian Basin,2023,CIVITAS RESOURCES INC,430 - Permian Basin,"430 - LEA, NM (25) - Oil",Well API 30-025-48271,30-025-48271,Status: Producing (Acquired),Completed: No completions required,N/A,,,,,Fluid: N/A; Vented: No; Flared: Yes
WELL_INVENTORY,(430) Civitas Resources - Permian Basin,2023,CIVITAS RESOURCES INC,430 - Permian Basin,"430 - LEA, NM (25) - Oil",Well API 30-025-48255,30-025-48255,Status: Producing (Acquired),Completed: No completions required,N/A,,,,,Fluid: N/A; Vented: No; Flared: Yes
WELL_INVENTORY,(430) Civitas Resources - Permian Basin,2023,CIVITAS RESOURCES INC,430 - Permian Basin,"430 - LEA, NM (25) - Oil",Well API 30-025-48275,30-025-48275,Status: Producing (Acquired),Completed: No completions required,N/A,,,,,Fluid: N/A; Vented: No; Flared: Yes
WELL_INVENTORY,(430) Civitas Resources - Permian Basin,2023,CIVITAS RESOURCES INC,430 - Permian Basin,"430 - LEA, NM (25) - Oil",Well API 30-025-50985,30-025-50985,Status: Producing (Acquired),Completed: Completed,Horizontal,,,,,Fluid: Oil; Vented: No; Flared: Yes
WELL_INVENTORY,(430) Civitas Resources - Permian Basin,2023,CIVITAS RESOURCES INC,430 - Permian Basin,"430 - LEA, NM (25) - Oil",Well API 30-025-50986,30-025-50986,Status: Producing (Acquired),Completed: Completed,Horizontal,,,,,Fluid: Oil; Vented: No; Flared: Yes
WELL_INVENTORY,(430) Civitas Resources - Permian Basin,2023,CIVITAS RESOURCES INC,430 - Permian Basin,"430 - LEA, NM (25) - Oil",Well API 30-025-50987,30-025-50987,Status: Producing (Acquired),Completed: Completed,Horizontal,,,,,Fluid: Oil; Vented: No; Flared: Yes
WELL_INVENTORY,(430) Civitas Resources - Permian Basin,2023,CIVITAS RESOURCES INC,430 - Permian Basin,"430 - LEA, NM (25) - Oil",Well API 30-025-50988,30-025-50988,Status: Producing (Acquired),Completed: Completed,Horizontal,,,,,Fluid: Oil; Vented: No; Flared: Yes
WELL_INVENTORY,(430) Civitas Resources - Permian Basin,2023,CIVITAS RESOURCES INC,430 - Permian Basin,"430 - EDDY, NM (15) - Oil",Well API 30-015-46444,30-015-46444,Status: Producing (Acquired),Completed: No completions required,N/A,,,,,Fluid: N/A; Vented: No; Flared: Yes
WELL_INVENTORY,(430) Civitas Resources - Permian Basin,2023,CIVITAS RESOURCES INC,430 - Permian Basin,"430 - EDDY, NM (15) - Oil",Well API 30-015-47029,30-015-47029,Status: Producing (Acquired),Completed: No completions required,N/A,,,,,Fluid: N/A; Vented: No; Flared: Yes
WELL_INVENTORY,(430) Civitas Resources - Permian Basin,2023,CIVITAS RESOURCES INC,430 - Permian Basin,"430 - EDDY, NM (15) - Oil",Well API 30-015-46445,30-015-46445,Status: Producing (Acquired),Completed: No completions required,N/A,,,,,Fluid: N/A; Vented: No; Flared: Yes
WELL_INVENTORY,(430) Civitas Resources - Permian Basin,2023,CIVITAS RESOURCES INC,430 - Permian Basin,"430 - EDDY, NM (15) - Oil",Well API 30-015-46451,30-015-46451,Status: Producing (Acquired),Completed: No completions required,N/A,,,,,Fluid: N/A; Vented: No; Flared: Yes
WELL_INVENTORY,(430) Civitas Resources - Permian Basin,2023,CIVITAS RESOURCES INC,430 - Permian Basin,"430 - EDDY, NM (15) - Oil",Well API 30-015-47035,30-015-47035,Status: Producing (Acquired),Completed: No completions required,N/A,,,,,Fluid: N/A; Vented: No; Flared: Yes
WELL_INVENTORY,(430) Civitas Resources - Permian Basin,2023,CIVITAS RESOURCES INC,430 - Permian Basin,"430 - EDDY, NM (15) - Oil",Well API 30-015-46467,30-015-46467,Status: Producing (Acquired),Completed: No completions required,N/A,,,,,Fluid: N/A; Vented: No; Flared: Yes
WELL_INVENTORY,(430) Civitas Resources - Permian Basin,2023,CIVITAS RESOURCES INC,430 - Permian Basin,"430 - EDDY, NM (15) - Oil",Well API 30-015-47039,30-015-47039,Status: Producing (Acquired),Completed: No completions required,N/A,,,,,Fluid: N/A; Vented: No; Flared: Yes
WELL_INVENTORY,(430) Civitas Resources - Permian Basin,2023,CIVITAS RESOURCES INC,430 - Permian Basin,"430 - EDDY, NM (15) - Oil",Well API 30-015-47033,30-015-47033,Status: Producing (Acquired),Completed: No completions required,N/A,,,,,Fluid: N/A; Vented: No; Flared: Yes
WELL_INVENTORY,(430) Civitas Resources - Permian Basin,2023,CIVITAS RESOURCES INC,430 - Permian Basin,"430 - EDDY, NM (15) - Oil",Well API 30-015-48296,30-015-48296,Status: Producing (Acquired),Completed: No completions required,N/A,,,,,Fluid: N/A; Vented: No; Flared: Yes
WELL_INVENTORY,(430) Civitas Resources - Permian Basin,2023,CIVITAS RESOURCES INC,430 - Permian Basin,"430 - EDDY, NM (15) - Other tight reservoir rock",Well API 30-015-47855,30-015-47855,Status: Producing (Acquired),Completed: No completions required,N/A,,,,,Fluid: N/A; Vented: No; Flared: Yes
WELL_INVENTORY,(430) Civitas Resources - Permian Basin,2023,CIVITAS RESOURCES INC,430 - Permian Basin,"430 - EDDY, NM (15) - Other tight reservoir rock",Well API 30-015-47041,30-015-47041,Status: Producing (Acquired),Completed: No completions required,N/A,,,,,Fluid: N/A; Vented: No; Flared: Yes
WELL_INVENTORY,(430) Civitas Resources - Permian Basin,2023,CIVITAS RESOURCES INC,430 - Permian Basin,"430 - EDDY, NM (15) - Other tight reservoir rock",Well API 30-015-47034,30-015-47034,Status: Producing (Acquired),Completed: No completions required,N/A,,,,,Fluid: N/A; Vented: No; Flared: Yes
WELL_INVENTORY,(430) Civitas Resources - Permian Basin,2023,CIVITAS RESOURCES INC,430 - Permian Basin,"430 - EDDY, NM (15) - Other tight reservoir rock",Well API 30-015-48190,30-015-48190,Status: Producing (Acquired),Completed: No completions required,N/A,,,,,Fluid: N/A; Vented: No; Flared: Yes
WELL_INVENTORY,(430) Civitas Resources - Permian Basin,2023,CIVITAS RESOURCES INC,430 - Permian Basin,"430 - EDDY, NM (15) - Other tight reservoir rock",Well API 30-015-48186,30-015-48186,Status: Producing (Acquired),Completed: No completions required,N/A,,,,,Fluid: N/A; Vented: No; Flared: Yes
WELL_INVENTORY,(430) Civitas Resources - Permian Basin,2023,CIVITAS RESOURCES INC,430 - Permian Basin,"430 - EDDY, NM (15) - Other tight reservoir rock",Well API 30-015-53350,30-015-53350,Status: Producing (Acquired),Completed: Completed,Horizontal,,,,,Fluid: Gas; Vented: No; Flared: Yes
WELL_INVENTORY,(430) Civitas Resources - Permian Basin,2023,CIVITAS RESOURCES INC,430 - Permian Basin,"430 - EDDY, NM (15) - Other tight reservoir rock",Well API 30-015-53351,30-015-53351,Status: Producing (Acquired),Completed: Completed,Horizontal,,,,,Fluid: Gas; Vented: No; Flared: Yes
WELL_INVENTORY,(430) Civitas Resources - Permian Basin,2023,CIVITAS RESOURCES INC,430 - Permian Basin,"430 - EDDY, NM (15) - Other tight reservoir rock",Well API 30-015-49974,30-015-49974,Status: Producing (Acquired),Completed: Completed,Horizontal,,,,,Fluid: Gas; Vented: No; Flared: Yes
WELL_INVENTORY,(430) Civitas Resources - Permian Basin,2023,CIVITAS RESOURCES INC,430 - Permian Basin,"430 - EDDY, NM (15) - Other tight reservoir rock",Well API 30-015-49949,30-015-49949,Status: Producing (Acquired),Completed: Completed,Horizontal,,,,,Fluid: Gas; Vented: No; Flared: Yes
WELL_INVENTORY,(430) Civitas Resources - Permian Basin,2023,CIVITAS RESOURCES INC,430 - Permian Basin,"430 - EDDY, NM (15) - Other tight reservoir rock",Well API 30-015-49950,30-015-49950,Status: Producing (Acquired),Completed: Completed,Horizontal,,,,,Fluid: Gas; Vented: No; Flared: Yes
WELL_INVENTORY,(430) Civitas Resources - Permian Basin,2023,CIVITAS RESOURCES INC,430 - Permian Basin,"430 - EDDY, NM (15) - Other tight reservoir rock",Well API 30-015-49942,30-015-49942,Status: Producing (Acquired),Completed: Completed,Horizontal,,,,,Fluid: Gas; Vented: No; Flared: Yes
WELL_INVENTORY,(430) Civitas Resources - Permian Basin,2023,CIVITAS RESOURCES INC,430 - Permian Basin,"430 - LOVING, TX (301) - Oil",Well API 42-301-36248,42-301-36248,Status: Producing (Acquired),Completed: No completions required,N/A,,,,,Fluid: N/A; Vented: No; Flared: Yes
WELL_INVENTORY,(430) Civitas Resources - Permian Basin,2023,CIVITAS RESOURCES INC,430 - Permian Basin,"430 - LOVING, TX (301) - Oil",Well API 42-301-36253,42-301-36253,Status: Producing (Acquired),Completed: No completions required,N/A,,,,,Fluid: N/A; Vented: No; Flared: Yes
WELL_INVENTORY,(430) Civitas Resources - Permian Basin,2023,CIVITAS RESOURCES INC,430 - Permian Basin,"430 - LOVING, TX (301) - Oil",Well API 42-301-36250,42-301-36250,Status: Producing (Acquired),Completed: No completions required,N/A,,,,,Fluid: N/A; Vented: No; Flared: Yes
WELL_INVENTORY,(430) Civitas Resources - Permian Basin,2023,CIVITAS RESOURCES INC,430 - Permian Basin,"430 - LOVING, TX (301) - Oil",Well API 42-301-36255,42-301-36255,Status: Producing (Acquired),Completed: No completions required,N/A,,,,,Fluid: N/A; Vented: No; Flared: Yes
WELL_INVENTORY,(430) Civitas Resources - Permian Basin,2023,CIVITAS RESOURCES INC,430 - Permian Basin,"430 - LOVING, TX (301) - Oil",Well API 42-301-36159,42-301-36159,Status: Producing (Acquired),Completed: Completed,Horizontal,,,,,Fluid: Oil; Vented: No; Flared: Yes
WELL_INVENTORY,(430) Civitas Resources - Permian Basin,2023,CIVITAS RESOURCES INC,430 - Permian Basin,"430 - LOVING, TX (301) - Oil",Well API 42-301-36164,42-301-36164,Status: Producing (Acquired),Completed: Completed,Horizontal,,,,,Fluid: Oil; Vented: No; Flared: Yes
WELL_INVENTORY,(430) Civitas Resources - Permian Basin,2023,CIVITAS RESOURCES INC,430 - Permian Basin,"430 - LOVING, TX (301) - Oil",Well API 42-301-36160,42-301-36160,Status: Producing (Acquired),Completed: Completed,Horizontal,,,,,Fluid: Oil; Vented: No; Flared: Yes
WELL_INVENTORY,(430) Civitas Resources - Permian Basin,2023,CIVITAS RESOURCES INC,430 - Permian Basin,"430 - LOVING, TX (301) - Oil",Well API 42-301-36157,42-301-36157,Status: Producing (Acquired),Completed: Completed,Horizontal,,,,,Fluid: Oil; Vented: No; Flared: Yes
WELL_INVENTORY,(430) Civitas Resources - Permian Basin,2023,CIVITAS RESOURCES INC,430 - Permian Basin,"430 - LOVING, TX (301) - Oil",Well API 42-301-36158,42-301-36158,Status: Producing (Acquired),Completed: Completed,Horizontal,,,,,Fluid: Oil; Vented: No; Flared: Yes
WELL_INVENTORY,(430) Civitas Resources - Permian Basin,2023,CIVITAS RESOURCES INC,430 - Permian Basin,"430 - LOVING, TX (301) - Oil",Well API 42-301-36167,42-301-36167,Status: Producing (Acquired),Completed: Completed,Horizontal,,,,,Fluid: Oil; Vented: No; Flared: Yes
WELL_INVENTORY,(430) Civitas Resources - Permian Basin,2023,CIVITAS RESOURCES INC,430 - Permian Basin,"430 - LOVING, TX (301) - Oil",Well API 42-301-36165,42-301-36165,Status: Producing (Acquired),Completed: Completed,Horizontal,,,,,Fluid: Oil; Vented: No; Flared: Yes
WELL_INVENTORY,(430) Civitas Resources - Permian Basin,2023,CIVITAS RESOURCES INC,430 - Permian Basin,"430 - LOVING, TX (301) - Oil",Well API 42-301-36166,42-301-36166,Status: Producing (Acquired),Completed: Completed,Horizontal,,,,,Fluid: Oil; Vented: No; Flared: Yes
WELL_INVENTORY,(430) Civitas Resources - Permian Basin,2023,CIVITAS RESOURCES INC,430 - Permian Basin,"430 - LOVING, TX (301) - Oil",Well API 42-301-36163,42-301-36163,Status: Producing (Acquired),Completed: Completed,Horizontal,,,,,Fluid: Oil; Vented: No; Flared: Yes
WELL_INVENTORY,(430) Civitas Resources - Permian Basin,2023,CIVITAS RESOURCES INC,430 - Permian Basin,"430 - LOVING, TX (301) - Oil",Well API 42-301-36162,42-301-36162,Status: Producing (Acquired),Completed: Completed,Horizontal,,,,,Fluid: Oil; Vented: No; Flared: Yes
WELL_INVENTORY,(430) Civitas Resources - Permian Basin,2023,CIVITAS RESOURCES INC,430 - Permian Basin,"430 - LOVING, TX (301) - Oil",Well API 42-301-36161,42-301-36161,Status: Producing (Acquired),Completed: Completed,Horizontal,,,,,Fluid: Oil; Vented: No; Flared: Yes
WELL_INVENTORY,(430) Civitas Resources - Permian Basin,2023,CIVITAS RESOURCES INC,430 - Permian Basin,"430 - LOVING, TX (301) - Oil",Well API 42-301-36170,42-301-36170,Status: Producing (Acquired),Completed: Completed,Horizontal,,,,,Fluid: Oil; Vented: No; Flared: Yes
WELL_INVENTORY,(430) Civitas Resources - Permian Basin,2023,CIVITAS RESOURCES INC,430 - Permian Basin,"430 - LOVING, TX (301) - Oil",Well API 42-301-36168,42-301-36168,Status: Producing (Acquired),Completed: Completed,Horizontal,,,,,Fluid: Oil; Vented: No; Flared: Yes
WELL_INVENTORY,(430) Civitas Resources - Permian Basin,2023,CIVITAS RESOURCES INC,430 - Permian Basin,"430 - LOVING, TX (301) - Oil",Well API 42-301-36169,42-301-36169,Status: Producing (Acquired),Completed: Completed,Horizontal,,,,,Fluid: Oil; Vented: No; Flared: Yes
WELL_INVENTORY,(430) Civitas Resources - Permian Basin,2023,CIVITAS RESOURCES INC,430 - Permian Basin,"430 - LEA, NM (25) - Oil",Well API 30-025-51519,30-025-51519,Status: Non-producing (Acquired),Completed: Completed,Horizontal,,,,,Fluid: Oil; Vented: No req; Flared: 
WELL_INVENTORY,(430) Civitas Resources - Permian Basin,2023,CIVITAS RESOURCES INC,430 - Permian Basin,"430 - LEA, NM (25) - Oil",Well API 30-025-51588,30-025-51588,Status: Non-producing (Acquired),Completed: Completed,Horizontal,,,,,Fluid: Oil; Vented: No req; Flared: 
WELL_INVENTORY,(430) Civitas Resources - Permian Basin,2023,CIVITAS RESOURCES INC,430 - Permian Basin,"430 - LEA, NM (25) - Oil",Well API 30-025-51583,30-025-51583,Status: Non-producing (Acquired),Completed: Completed,Horizontal,,,,,Fluid: Oil; Vented: No req; Flared: 
WELL_INVENTORY,(430) Civitas Resources - Permian Basin,2023,CIVITAS RESOURCES INC,430 - Permian Basin,"430 - LEA, NM (25) - Oil",Well API 30-025-51578,30-025-51578,Status: Non-producing (Acquired),Completed: Completed,Horizontal,,,,,Fluid: Oil; Vented: No req; Flared: 
WELL_INVENTORY,(430) Civitas Resources - Permian Basin,2023,CIVITAS RESOURCES INC,430 - Permian Basin,"430 - LEA, NM (25) - Oil",Well API 30-025-51590,30-025-51590,Status: Non-producing (Acquired),Completed: Completed,Horizontal,,,,,Fluid: Oil; Vented: No req; Flared: 
WELL_INVENTORY,(430) Civitas Resources - Permian Basin,2023,CIVITAS RESOURCES INC,430 - Permian Basin,"430 - LEA, NM (25) - Oil",Well API 30-025-51516,30-025-51516,Status: Non-producing (Acquired),Completed: Completed,Horizontal,,,,,Fluid: Oil; Vented: No req; Flared: 
WELL_INVENTORY,(430) Civitas Resources - Permian Basin,2023,CIVITAS RESOURCES INC,430 - Permian Basin,"430 - LEA, NM (25) - Oil",Well API 30-025-51585,30-025-51585,Status: Non-producing (Acquired),Completed: Completed,Horizontal,,,,,Fluid: Oil; Vented: No req; Flared: 
WELL_INVENTORY,(430) Civitas Resources - Permian Basin,2023,CIVITAS RESOURCES INC,430 - Permian Basin,"430 - LEA, NM (25) - Oil",Well API 30-025-51587,30-025-51587,Status: Non-producing (Acquired),Completed: Completed,Horizontal,,,,,Fluid: Oil; Vented: No req; Flared: 
WELL_INVENTORY,(430) Civitas Resources - Permian Basin,2023,CIVITAS RESOURCES INC,430 - Permian Basin,"430 - LEA, NM (25) - Oil",Well API 30-025-51589,30-025-51589,Status: Non-producing (Acquired),Completed: Completed,Horizontal,,,,,Fluid: Oil; Vented: No req; Flared: 
WELL_INVENTORY,(430) Civitas Resources - Permian Basin,2023,CIVITAS RESOURCES INC,430 - Permian Basin,"430 - LEA, NM (25) - Oil",Well API 30-025-51517,30-025-51517,Status: Non-producing (Acquired),Completed: Completed,Horizontal,,,,,Fluid: Oil; Vented: No req; Flared: 
WELL_INVENTORY,(430) Civitas Resources - Permian Basin,2023,CIVITAS RESOURCES INC,430 - Permian Basin,"430 - LEA, NM (25) - Oil",Well API 30-025-51577,30-025-51577,Status: Non-producing (Acquired),Completed: Completed,Horizontal,,,,,Fluid: Oil; Vented: No req; Flared: 
WELL_INVENTORY,(430) Civitas Resources - Permian Basin,2023,CIVITAS RESOURCES INC,430 - Permian Basin,"430 - LEA, NM (25) - Oil",Well API 30-025-51580,30-025-51580,Status: Non-producing (Acquired),Completed: Completed,Horizontal,,,,,Fluid: Oil; Vented: No req; Flared: 
WELL_INVENTORY,(430) Civitas Resources - Permian Basin,2023,CIVITAS RESOURCES INC,430 - Permian Basin,"430 - LEA, NM (25) - Oil",Well API 30-025-51582,30-025-51582,Status: Non-producing (Acquired),Completed: Completed,Horizontal,,,,,Fluid: Oil; Vented: No req; Flared: 
WELL_INVENTORY,(430) Civitas Resources - Permian Basin,2023,CIVITAS RESOURCES INC,430 - Permian Basin,"430 - LEA, NM (25) - Oil",Well API 30-025-51533,30-025-51533,Status: Non-producing (Acquired),Completed: Completed,Horizontal,,,,,Fluid: Oil; Vented: No req; Flared: 
WELL_INVENTORY,(430) Civitas Resources - Permian Basin,2023,CIVITAS RESOURCES INC,430 - Permian Basin,"430 - LEA, NM (25) - Oil",Well API 30-025-51532,30-025-51532,Status: Non-producing (Acquired),Completed: Completed,Horizontal,,,,,Fluid: Oil; Vented: No req; Flared: 
WELL_INVENTORY,(430) Civitas Resources - Permian Basin,2023,CIVITAS RESOURCES INC,430 - Permian Basin,"430 - LEA, NM (25) - Oil",Well API 30-025-51586,30-025-51586,Status: Non-producing (Acquired),Completed: Completed,Horizontal,,,,,Fluid: Oil; Vented: No req; Flared: 
WELL_INVENTORY,(430) Civitas Resources - Permian Basin,2023,CIVITAS RESOURCES INC,430 - Permian Basin,"430 - LEA, NM (25) - Oil",Well API 30-025-51584,30-025-51584,Status: Non-producing (Acquired),Completed: Completed,Horizontal,,,,,Fluid: Oil; Vented: No req; Flared: 
WELL_INVENTORY,(430) Civitas Resources - Permian Basin,2023,CIVITAS RESOURCES INC,430 - Permian Basin,"430 - LEA, NM (25) - Oil",Well API 30-025-51581,30-025-51581,Status: Non-producing (Acquired),Completed: Completed,Horizontal,,,,,Fluid: Oil; Vented: No req; Flared: 
WELL_INVENTORY,(430) Civitas Resources - Permian Basin,2023,CIVITAS RESOURCES INC,430 - Permian Basin,"430 - LEA, NM (25) - Oil",Well API 30-025-51518,30-025-51518,Status: Non-producing (Acquired),Completed: Completed,Horizontal,,,,,Fluid: Oil; Vented: No req; Flared: 
WELL_INVENTORY,(430) Civitas Resources - Permian Basin,2023,CIVITAS RESOURCES INC,430 - Permian Basin,"430 - LEA, NM (25) - Oil",Well API 30-025-51579,30-025-51579,Status: Non-producing (Acquired),Completed: Completed,Horizontal,,,,,Fluid: Oil; Vented: No req; Flared: 
WELL_INVENTORY,(430) Civitas Resources - Permian Basin,2023,CIVITAS RESOURCES INC,430 - Permian Basin,"430 - EDDY, NM (15) - High permeability gas",Well API 30-015-48981,30-015-48981,Status: Producing (Acquired),Completed: No completions required,N/A,,,,,Fluid: N/A; Vented: No; Flared: Yes
WELL_INVENTORY,(430) Civitas Resources - Permian Basin,2023,CIVITAS RESOURCES INC,430 - Permian Basin,"430 - EDDY, NM (15) - High permeability gas",Well API 30-015-48982,30-015-48982,Status: Producing (Acquired),Completed: No completions required,N/A,,,,,Fluid: N/A; Vented: No; Flared: Yes
WELL_INVENTORY,(430) Civitas Resources - Permian Basin,2023,CIVITAS RESOURCES INC,430 - Permian Basin,"430 - EDDY, NM (15) - High permeability gas",Well API 30-015-44998,30-015-44998,Status: Producing (Acquired),Completed: No completions required,N/A,,,,,Fluid: N/A; Vented: No; Flared: Yes
WELL_INVENTORY,(430) Civitas Resources - Permian Basin,2023,CIVITAS RESOURCES INC,430 - Permian Basin,"430 - EDDY, NM (15) - High permeability gas",Well API 30-015-45641,30-015-45641,Status: Producing (Acquired),Completed: No completions required,N/A,,,,,Fluid: N/A; Vented: No; Flared: Yes
WELL_INVENTORY,(430) Civitas Resources - Permian Basin,2023,CIVITAS RESOURCES INC,430 - Permian Basin,"430 - EDDY, NM (15) - High permeability gas",Well API 30-015-45558,30-015-45558,Status: Producing (Acquired),Completed: No completions required,N/A,,,,,Fluid: N/A; Vented: No; Flared: Yes
WELL_INVENTORY,(430) Civitas Resources - Permian Basin,2023,CIVITAS RESOURCES INC,430 - Permian Basin,"430 - LEA, NM (25) - High permeability gas",Well API 30-015-21593,30-015-21593,Status: Non-producing (Acquired),Completed: No completions required,N/A,,,,,Fluid: N/A; Vented: No req; Flared: 
WELL_INVENTORY,(430) Civitas Resources - Permian Basin,2023,CIVITAS RESOURCES INC,430 - Permian Basin,"430 - REEVES, TX (389) - Oil",Well API 42-389-36124,42-389-36124,Status: Producing (Acquired),Completed: No completions required,N/A,,,,,Fluid: N/A; Vented: No req; Flared: 
WELL_INVENTORY,(430) Civitas Resources - Permian Basin,2023,CIVITAS RESOURCES INC,430 - Permian Basin,"430 - REEVES, TX (389) - Oil",Well API 42-389-37461,42-389-37461,Status: Producing (Acquired),Completed: No completions required,N/A,,,,,Fluid: N/A; Vented: No; Flared: Yes
WELL_INVENTORY,(430) Civitas Resources - Permian Basin,2023,CIVITAS RESOURCES INC,430 - Permian Basin,"430 - REEVES, TX (389) - Oil",Well API 42-389-36976,42-389-36976,Status: Producing (Acquired),Completed: No completions required,N/A,,,,,Fluid: N/A; Vented: No; Flared: Yes
WELL_INVENTORY,(430) Civitas Resources - Permian Basin,2023,CIVITAS RESOURCES INC,430 - Permian Basin,"430 - EDDY, NM (15) - High permeability gas",Well API 30-015-46514,30-015-46514,Status: Non-producing (Acquired),Completed: No completions required,N/A,,,,,Fluid: N/A; Vented: No req; Flared: 
WELL_INVENTORY,(430) Civitas Resources - Permian Basin,2023,CIVITAS RESOURCES INC,430 - Permian Basin,"430 - LEA, NM (25) - Oil",Well API 30-025-22405,30-025-22405,Status: Producing (Acquired),Completed: No completions required,N/A,,,,,Fluid: N/A; Vented: No req; Flared: 
WELL_INVENTORY,(430) Civitas Resources - Permian Basin,2023,CIVITAS RESOURCES INC,430 - Permian Basin,"430 - EDDY, NM (15) - High permeability gas",Well API 30-015-22946,30-015-22946,Status: Producing (Acquired),Completed: No completions required,N/A,,,,,Fluid: N/A; Vented: No req; Flared: 
WELL_INVENTORY,(430) Civitas Resources - Permian Basin,2023,CIVITAS RESOURCES INC,430 - Permian Basin,"430 - EDDY, NM (15) - High permeability gas",Well API 30-015-34475,30-015-34475,Status: Producing (Acquired),Completed: No completions required,N/A,,,,,Fluid: N/A; Vented: No req; Flared: 
WELL_INVENTORY,(430) Civitas Resources - Permian Basin,2023,CIVITAS RESOURCES INC,430 - Permian Basin,"430 - EDDY, NM (15) - High permeability gas",Well API 30-015-36025,30-015-36025,Status: Producing (Acquired),Completed: No completions required,N/A,,,,,Fluid: N/A; Vented: No req; Flared: 
WELL_INVENTORY,(430) Civitas Resources - Permian Basin,2023,CIVITAS RESOURCES INC,430 - Permian Basin,"430 - EDDY, NM (15) - Oil",Well API 30-015-44384,30-015-44384,Status: Non-producing (Acquired),Completed: No completions required,N/A,,,,,Fluid: N/A; Vented: No req; Flared: 
WELL_INVENTORY,(430) Civitas Resources - Permian Basin,2023,CIVITAS RESOURCES INC,430 - Permian Basin,"430 - EDDY, NM (15) - High permeability gas",Well API 30-015-24119,30-015-24119,Status: Non-producing (Acquired),Completed: No completions required,N/A,,,,,Fluid: N/A; Vented: No req; Flared: 
WELL_INVENTORY,(430) Civitas Resources - Permian Basin,2023,CIVITAS RESOURCES INC,430 - Permian Basin,"430 - EDDY, NM (15) - High permeability gas",Well API 30-015-20813,30-015-20813,Status: Producing (Acquired),Completed: No completions required,N/A,,,,,Fluid: N/A; Vented: No req; Flared: 
WELL_INVENTORY,(430) Civitas Resources - Permian Basin,2023,CIVITAS RESOURCES INC,430 - Permian Basin,"430 - EDDY, NM (15) - High permeability gas",Well API 30-015-20738,30-015-20738,Status: Non-producing (Acquired),Completed: No completions required,N/A,,,,,Fluid: N/A; Vented: No req; Flared: 
WELL_INVENTORY,(430) Civitas Resources - Permian Basin,2023,CIVITAS RESOURCES INC,430 - Permian Basin,"430 - EDDY, NM (15) - High permeability gas",Well API 30-015-20716,30-015-20716,Status: Producing (Acquired),Completed: No completions required,N/A,,,,,Fluid: N/A; Vented: No req; Flared: 
WELL_INVENTORY,(430) Civitas Resources - Permian Basin,2023,CIVITAS RESOURCES INC,430 - Permian Basin,"430 - EDDY, NM (15) - High permeability gas",Well API 30-015-20857,30-015-20857,Status: Producing (Acquired),Completed: No completions required,N/A,,,,,Fluid: N/A; Vented: No req; Flared: 
WELL_INVENTORY,(430) Civitas Resources - Permian Basin,2023,CIVITAS RESOURCES INC,430 - Permian Basin,"430 - EDDY, NM (15) - High permeability gas",Well API 30-015-21416,30-015-21416,Status: Non-producing (Acquired),Completed: No completions required,N/A,,,,,Fluid: N/A; Vented: No req; Flared: 
WELL_INVENTORY,(430) Civitas Resources - Permian Basin,2023,CIVITAS RESOURCES INC,430 - Permian Basin,"430 - EDDY, NM (15) - Oil",Well API 30-015-41227,30-015-41227,Status: Producing (Acquired),Completed: No completions required,N/A,,,,,Fluid: N/A; Vented: No req; Flared: 
WELL_INVENTORY,(430) Civitas Resources - Permian Basin,2023,CIVITAS RESOURCES INC,430 - Permian Basin,"430 - LOVING, TX (301) - Other tight reservoir rock",Well API 42-301-30314,42-301-30314,Status: Producing (Acquired),Completed: No completions required,N/A,,,,,Fluid: N/A; Vented: No; Flared: Yes
WELL_INVENTORY,(430) Civitas Resources - Permian Basin,2023,CIVITAS RESOURCES INC,430 - Permian Basin,"430 - LOVING, TX (301) - Other tight reservoir rock",Well API 42-301-32789,42-301-32789,Status: Producing (Acquired),Completed: No completions required,N/A,,,,,Fluid: N/A; Vented: No req; Flared: 
WELL_INVENTORY,(430) Civitas Resources - Permian Basin,2023,CIVITAS RESOURCES INC,430 - Permian Basin,"430 - EDDY, NM (15) - Oil",Well API 30-015-46874,30-015-46874,Status: Producing (Acquired),Completed: No completions required,N/A,,,,,Fluid: N/A; Vented: No; Flared: Yes
WELL_INVENTORY,(430) Civitas Resources - Permian Basin,2023,CIVITAS RESOURCES INC,430 - Permian Basin,"430 - EDDY, NM (15) - Oil",Well API 30-015-46858,30-015-46858,Status: Producing (Acquired),Completed: No completions required,N/A,,,,,Fluid: N/A; Vented: No; Flared: Yes
WELL_INVENTORY,(430) Civitas Resources - Permian Basin,2023,CIVITAS RESOURCES INC,430 - Permian Basin,"430 - EDDY, NM (15) - Oil",Well API 30-015-46855,30-015-46855,Status: Producing (Acquired),Completed: No completions required,N/A,,,,,Fluid: N/A; Vented: No; Flared: Yes
WELL_INVENTORY,(430) Civitas Resources - Permian Basin,2023,CIVITAS RESOURCES INC,430 - Permian Basin,"430 - EDDY, NM (15) - Oil",Well API 30-015-46854,30-015-46854,Status: Producing (Acquired),Completed: No completions required,N/A,,,,,Fluid: N/A; Vented: No; Flared: Yes
WELL_INVENTORY,(430) Civitas Resources - Permian Basin,2023,CIVITAS RESOURCES INC,430 - Permian Basin,"430 - EDDY, NM (15) - Oil",Well API 30-015-46857,30-015-46857,Status: Producing (Acquired),Completed: No completions required,N/A,,,,,Fluid: N/A; Vented: No; Flared: Yes
WELL_INVENTORY,(430) Civitas Resources - Permian Basin,2023,CIVITAS RESOURCES INC,430 - Permian Basin,"430 - EDDY, NM (15) - Oil",Well API 30-015-46887,30-015-46887,Status: Producing (Acquired),Completed: No completions required,N/A,,,,,Fluid: N/A; Vented: No; Flared: Yes
WELL_INVENTORY,(430) Civitas Resources - Permian Basin,2023,CIVITAS RESOURCES INC,430 - Permian Basin,"430 - EDDY, NM (15) - Oil",Well API 30-015-46891,30-015-46891,Status: Producing (Acquired),Completed: No completions required,N/A,,,,,Fluid: N/A; Vented: No; Flared: Yes
WELL_INVENTORY,(430) Civitas Resources - Permian Basin,2023,CIVITAS RESOURCES INC,430 - Permian Basin,"430 - EDDY, NM (15) - Oil",Well API 30-015-46877,30-015-46877,Status: Producing (Acquired),Completed: No completions required,N/A,,,,,Fluid: N/A; Vented: No; Flared: Yes
WELL_INVENTORY,(430) Civitas Resources - Permian Basin,2023,CIVITAS RESOURCES INC,430 - Permian Basin,"430 - EDDY, NM (15) - Other tight reservoir rock",Well API 30-015-46884,30-015-46884,Status: Producing (Acquired),Completed: No completions required,N/A,,,,,Fluid: N/A; Vented: No; Flared: Yes
WELL_INVENTORY,(430) Civitas Resources - Permian Basin,2023,CIVITAS RESOURCES INC,430 - Permian Basin,"430 - EDDY, NM (15) - Other tight reservoir rock",Well API 30-015-46881,30-015-46881,Status: Producing (Acquired),Completed: No completions required,N/A,,,,,Fluid: N/A; Vented: No; Flared: Yes
WELL_INVENTORY,(430) Civitas Resources - Permian Basin,2023,CIVITAS RESOURCES INC,430 - Permian Basin,"430 - EDDY, NM (15) - Other tight reservoir rock",Well API 30-015-46923,30-015-46923,Status: Producing (Acquired),Completed: No completions required,N/A,,,,,Fluid: N/A; Vented: No; Flared: Yes
WELL_INVENTORY,(430) Civitas Resources - Permian Basin,2023,CIVITAS RESOURCES INC,430 - Permian Basin,"430 - EDDY, NM (15) - Other tight reservoir rock",Well API 30-015-46843,30-015-46843,Status: Producing (Acquired),Completed: No completions required,N/A,,,,,Fluid: N/A; Vented: No; Flared: Yes
