facility,reporting_period,zip_code,activity_name,quantity,unit
"Baton Rouge Petrochem Complex","2025-01","70805","Steel production - basic oxygen furnace","71.80","kg"
"Baton Rouge Petrochem Complex","2025-01","70805","Electricity generation - grid average","57427.50","kWh"
"Baton Rouge Petrochem Complex","2025-01","70805","Natural gas combustion - industrial","98105.40","m3"
"Baton Rouge Petrochem Complex","2025-01","70805","Diesel fuel combustion - mobile sources","3828.50","L"
"Baton Rouge Petrochem Complex","2025-01","70805","Gasoline fuel combustion - mobile sources","1914.30","L"
"Baton Rouge Petrochem Complex","2025-01","70805","Concrete production - ready-mixed","8973.10","kg"
"Baton Rouge Petrochem Complex","2025-01","70805","Aluminum production - primary","35.90","kg"
"Baton Rouge Petrochem Complex","2025-01","70805","Paper production - virgin fiber","215.40","kg"
"Baton Rouge Petrochem Complex","2025-01","70805","Plastic production - general polymers","46659.90","kg"
"Baton Rouge Petrochem Complex","2025-01","70805","Road freight transport - heavy truck","14356.90","t-km"
"Baton Rouge Petrochem Complex","2025-01","70805","Air travel - short haul","3349.90","passenger-km"
"Baton Rouge Petrochem Complex","2025-01","70805","Rail freight transport","10169.50","t-km"
"Baton Rouge Petrochem Complex","2025-01","70805","Water consumption - municipal supply","45463.50","m3"
"Baton Rouge Petrochem Complex","2025-01","70805","Waste to landfill - mixed municipal","11365.90","kg"
"Baton Rouge Petrochem Complex","2025-01","70805","Copper production - primary","95.70","kg"
"Baton Rouge Petrochem Complex","2025-01","70805","Glass production - container glass","382.90","kg"
"Baton Rouge Petrochem Complex","2025-01","70805","Cotton textile production","47.90","kg"
"Baton Rouge Petrochem Complex","2025-01","70805","District heating - natural gas boiler","340976.00","kWh"
"Baton Rouge Petrochem Complex","2025-01","70805","Refrigerant use - HFC leakage","22.13","kg"
"Baton Rouge Petrochem Complex","2025-01","70805","General industrial activity","777.70","unit"
"Baton Rouge Petrochem Complex","2025-02","70805","Steel production - basic oxygen furnace","74.40","kg"
"Baton Rouge Petrochem Complex","2025-02","70805","Electricity generation - grid average","59515.20","kWh"
"Baton Rouge Petrochem Complex","2025-02","70805","Natural gas combustion - industrial","101671.70","m3"
"Baton Rouge Petrochem Complex","2025-02","70805","Diesel fuel combustion - mobile sources","3967.70","L"
"Baton Rouge Petrochem Complex","2025-02","70805","Gasoline fuel combustion - mobile sources","1983.80","L"
"Baton Rouge Petrochem Complex","2025-02","70805","Concrete production - ready-mixed","9299.20","kg"
"Baton Rouge Petrochem Complex","2025-02","70805","Aluminum production - primary","37.20","kg"
"Baton Rouge Petrochem Complex","2025-02","70805","Paper production - virgin fiber","223.20","kg"
"Baton Rouge Petrochem Complex","2025-02","70805","Plastic production - general polymers","48356.10","kg"
"Baton Rouge Petrochem Complex","2025-02","70805","Road freight transport - heavy truck","14878.80","t-km"
"Baton Rouge Petrochem Complex","2025-02","70805","Air travel - short haul","3471.70","passenger-km"
"Baton Rouge Petrochem Complex","2025-02","70805","Rail freight transport","10539.10","t-km"
"Baton Rouge Petrochem Complex","2025-02","70805","Water consumption - municipal supply","47116.20","m3"
"Baton Rouge Petrochem Complex","2025-02","70805","Waste to landfill - mixed municipal","11779.00","kg"
"Baton Rouge Petrochem Complex","2025-02","70805","Copper production - primary","99.20","kg"
"Baton Rouge Petrochem Complex","2025-02","70805","Glass production - container glass","396.80","kg"
"Baton Rouge Petrochem Complex","2025-02","70805","Cotton textile production","49.60","kg"
"Baton Rouge Petrochem Complex","2025-02","70805","District heating - natural gas boiler","353371.20","kWh"
"Baton Rouge Petrochem Complex","2025-02","70805","Refrigerant use - HFC leakage","22.94","kg"
"Baton Rouge Petrochem Complex","2025-02","70805","General industrial activity","805.90","unit"
"Baton Rouge Petrochem Complex","2025-03","70805","Steel production - basic oxygen furnace","78.80","kg"
"Baton Rouge Petrochem Complex","2025-03","70805","Electricity generation - grid average","63035.90","kWh"
"Baton Rouge Petrochem Complex","2025-03","70805","Natural gas combustion - industrial","107686.30","m3"
"Baton Rouge Petrochem Complex","2025-03","70805","Diesel fuel combustion - mobile sources","4202.40","L"
"Baton Rouge Petrochem Complex","2025-03","70805","Gasoline fuel combustion - mobile sources","2101.20","L"
"Baton Rouge Petrochem Complex","2025-03","70805","Concrete production - ready-mixed","9849.40","kg"
"Baton Rouge Petrochem Complex","2025-03","70805","Aluminum production - primary","39.40","kg"
"Baton Rouge Petrochem Complex","2025-03","70805","Paper production - virgin fiber","236.40","kg"
"Baton Rouge Petrochem Complex","2025-03","70805","Plastic production - general polymers","51216.70","kg"
"Baton Rouge Petrochem Complex","2025-03","70805","Road freight transport - heavy truck","15759.00","t-km"
"Baton Rouge Petrochem Complex","2025-03","70805","Air travel - short haul","3677.10","passenger-km"
"Baton Rouge Petrochem Complex","2025-03","70805","Rail freight transport","11162.60","t-km"
"Baton Rouge Petrochem Complex","2025-03","70805","Water consumption - municipal supply","49903.40","m3"
"Baton Rouge Petrochem Complex","2025-03","70805","Waste to landfill - mixed municipal","12475.90","kg"
"Baton Rouge Petrochem Complex","2025-03","70805","Copper production - primary","105.10","kg"
"Baton Rouge Petrochem Complex","2025-03","70805","Glass production - container glass","420.20","kg"
"Baton Rouge Petrochem Complex","2025-03","70805","Cotton textile production","52.50","kg"
"Baton Rouge Petrochem Complex","2025-03","70805","District heating - natural gas boiler","374275.60","kWh"
"Baton Rouge Petrochem Complex","2025-03","70805","Refrigerant use - HFC leakage","24.30","kg"
"Baton Rouge Petrochem Complex","2025-03","70805","General industrial activity","853.60","unit"
"Baytown Olefins Plant","2025-01","77520","Steel production - basic oxygen furnace","68.00","kg"
"Baytown Olefins Plant","2025-01","77520","Electricity generation - grid average","54440.00","kWh"
"Baytown Olefins Plant","2025-01","77520","Natural gas combustion - industrial","93001.60","m3"
"Baytown Olefins Plant","2025-01","77520","Diesel fuel combustion - mobile sources","3629.30","L"
"Baytown Olefins Plant","2025-01","77520","Gasoline fuel combustion - mobile sources","1814.70","L"
"Baytown Olefins Plant","2025-01","77520","Concrete production - ready-mixed","8506.20","kg"
"Baytown Olefins Plant","2025-01","77520","Aluminum production - primary","34.00","kg"
"Baytown Olefins Plant","2025-01","77520","Paper production - virgin fiber","204.10","kg"
"Baytown Olefins Plant","2025-01","77520","Plastic production - general polymers","44232.50","kg"
"Baytown Olefins Plant","2025-01","77520","Road freight transport - heavy truck","13610.00","t-km"
"Baytown Olefins Plant","2025-01","77520","Air travel - short haul","3175.70","passenger-km"
"Baytown Olefins Plant","2025-01","77520","Rail freight transport","9640.40","t-km"
"Baytown Olefins Plant","2025-01","77520","Water consumption - municipal supply","43098.30","m3"
"Baytown Olefins Plant","2025-01","77520","Waste to landfill - mixed municipal","10774.60","kg"
"Baytown Olefins Plant","2025-01","77520","Copper production - primary","90.70","kg"
"Baytown Olefins Plant","2025-01","77520","Glass production - container glass","362.90","kg"
"Baytown Olefins Plant","2025-01","77520","Cotton textile production","45.40","kg"
"Baytown Olefins Plant","2025-01","77520","District heating - natural gas boiler","323237.20","kWh"
"Baytown Olefins Plant","2025-01","77520","Refrigerant use - HFC leakage","20.98","kg"
"Baytown Olefins Plant","2025-01","77520","General industrial activity","737.20","unit"
"Baytown Olefins Plant","2025-02","77520","Steel production - basic oxygen furnace","67.80","kg"
"Baytown Olefins Plant","2025-02","77520","Electricity generation - grid average","54265.80","kWh"
"Baytown Olefins Plant","2025-02","77520","Natural gas combustion - industrial","92704.00","m3"
"Baytown Olefins Plant","2025-02","77520","Diesel fuel combustion - mobile sources","3617.70","L"
"Baytown Olefins Plant","2025-02","77520","Gasoline fuel combustion - mobile sources","1808.90","L"
"Baytown Olefins Plant","2025-02","77520","Concrete production - ready-mixed","8479.00","kg"
"Baytown Olefins Plant","2025-02","77520","Aluminum production - primary","33.90","kg"
"Baytown Olefins Plant","2025-02","77520","Paper production - virgin fiber","203.50","kg"
"Baytown Olefins Plant","2025-02","77520","Plastic production - general polymers","44090.90","kg"
"Baytown Olefins Plant","2025-02","77520","Road freight transport - heavy truck","13566.40","t-km"
"Baytown Olefins Plant","2025-02","77520","Air travel - short haul","3165.50","passenger-km"
"Baytown Olefins Plant","2025-02","77520","Rail freight transport","9609.60","t-km"
"Baytown Olefins Plant","2025-02","77520","Water consumption - municipal supply","42960.40","m3"
"Baytown Olefins Plant","2025-02","77520","Waste to landfill - mixed municipal","10740.10","kg"
"Baytown Olefins Plant","2025-02","77520","Copper production - primary","90.40","kg"
"Baytown Olefins Plant","2025-02","77520","Glass production - container glass","361.80","kg"
"Baytown Olefins Plant","2025-02","77520","Cotton textile production","45.20","kg"
"Baytown Olefins Plant","2025-02","77520","District heating - natural gas boiler","322203.00","kWh"
"Baytown Olefins Plant","2025-02","77520","Refrigerant use - HFC leakage","20.91","kg"
"Baytown Olefins Plant","2025-02","77520","General industrial activity","734.80","unit"
"Baytown Olefins Plant","2025-03","77520","Steel production - basic oxygen furnace","70.90","kg"
"Baytown Olefins Plant","2025-03","77520","Electricity generation - grid average","56705.50","kWh"
"Baytown Olefins Plant","2025-03","77520","Natural gas combustion - industrial","96871.90","m3"
"Baytown Olefins Plant","2025-03","77520","Diesel fuel combustion - mobile sources","3780.40","L"
"Baytown Olefins Plant","2025-03","77520","Gasoline fuel combustion - mobile sources","1890.20","L"
"Baytown Olefins Plant","2025-03","77520","Concrete production - ready-mixed","8860.20","kg"
"Baytown Olefins Plant","2025-03","77520","Aluminum production - primary","35.40","kg"
"Baytown Olefins Plant","2025-03","77520","Paper production - virgin fiber","212.60","kg"
"Baytown Olefins Plant","2025-03","77520","Plastic production - general polymers","46073.20","kg"
"Baytown Olefins Plant","2025-03","77520","Road freight transport - heavy truck","14176.40","t-km"
"Baytown Olefins Plant","2025-03","77520","Air travel - short haul","3307.80","passenger-km"
"Baytown Olefins Plant","2025-03","77520","Rail freight transport","10041.60","t-km"
"Baytown Olefins Plant","2025-03","77520","Water consumption - municipal supply","44891.90","m3"
"Baytown Olefins Plant","2025-03","77520","Waste to landfill - mixed municipal","11223.00","kg"
"Baytown Olefins Plant","2025-03","77520","Copper production - primary","94.50","kg"
"Baytown Olefins Plant","2025-03","77520","Glass production - container glass","378.00","kg"
"Baytown Olefins Plant","2025-03","77520","Cotton textile production","47.30","kg"
"Baytown Olefins Plant","2025-03","77520","District heating - natural gas boiler","336688.90","kWh"
"Baytown Olefins Plant","2025-03","77520","Refrigerant use - HFC leakage","21.86","kg"
"Baytown Olefins Plant","2025-03","77520","General industrial activity","767.90","unit"
"Geismar Chemical Works","2025-01","70734","Steel production - basic oxygen furnace","55.30","kg"
"Geismar Chemical Works","2025-01","70734","Electricity generation - grid average","44224.20","kWh"
"Geismar Chemical Works","2025-01","70734","Natural gas combustion - industrial","75549.60","m3"
"Geismar Chemical Works","2025-01","70734","Diesel fuel combustion - mobile sources","2948.30","L"
"Geismar Chemical Works","2025-01","70734","Gasoline fuel combustion - mobile sources","1474.10","L"
"Geismar Chemical Works","2025-01","70734","Concrete production - ready-mixed","6910.00","kg"
"Geismar Chemical Works","2025-01","70734","Aluminum production - primary","27.60","kg"
"Geismar Chemical Works","2025-01","70734","Paper production - virgin fiber","165.80","kg"
"Geismar Chemical Works","2025-01","70734","Plastic production - general polymers","35932.10","kg"
"Geismar Chemical Works","2025-01","70734","Road freight transport - heavy truck","11056.00","t-km"
"Geismar Chemical Works","2025-01","70734","Air travel - short haul","2579.70","passenger-km"
"Geismar Chemical Works","2025-01","70734","Rail freight transport","7831.40","t-km"
"Geismar Chemical Works","2025-01","70734","Water consumption - municipal supply","35010.80","m3"
"Geismar Chemical Works","2025-01","70734","Waste to landfill - mixed municipal","8752.70","kg"
"Geismar Chemical Works","2025-01","70734","Copper production - primary","73.70","kg"
"Geismar Chemical Works","2025-01","70734","Glass production - container glass","294.80","kg"
"Geismar Chemical Works","2025-01","70734","Cotton textile production","36.90","kg"
"Geismar Chemical Works","2025-01","70734","District heating - natural gas boiler","262581.00","kWh"
"Geismar Chemical Works","2025-01","70734","Refrigerant use - HFC leakage","17.04","kg"
"Geismar Chemical Works","2025-01","70734","General industrial activity","598.90","unit"
"Geismar Chemical Works","2025-02","70734","Steel production - basic oxygen furnace","56.00","kg"
"Geismar Chemical Works","2025-02","70734","Electricity generation - grid average","44774.10","kWh"
"Geismar Chemical Works","2025-02","70734","Natural gas combustion - industrial","76489.10","m3"
"Geismar Chemical Works","2025-02","70734","Diesel fuel combustion - mobile sources","2984.90","L"
"Geismar Chemical Works","2025-02","70734","Gasoline fuel combustion - mobile sources","1492.50","L"
"Geismar Chemical Works","2025-02","70734","Concrete production - ready-mixed","6996.00","kg"
"Geismar Chemical Works","2025-02","70734","Aluminum production - primary","28.00","kg"
"Geismar Chemical Works","2025-02","70734","Paper production - virgin fiber","167.90","kg"
"Geismar Chemical Works","2025-02","70734","Plastic production - general polymers","36379.00","kg"
"Geismar Chemical Works","2025-02","70734","Road freight transport - heavy truck","11193.50","t-km"
"Geismar Chemical Works","2025-02","70734","Air travel - short haul","2611.80","passenger-km"
"Geismar Chemical Works","2025-02","70734","Rail freight transport","7928.70","t-km"
"Geismar Chemical Works","2025-02","70734","Water consumption - municipal supply","35446.20","m3"
"Geismar Chemical Works","2025-02","70734","Waste to landfill - mixed municipal","8861.50","kg"
"Geismar Chemical Works","2025-02","70734","Copper production - primary","74.60","kg"
"Geismar Chemical Works","2025-02","70734","Glass production - container glass","298.50","kg"
"Geismar Chemical Works","2025-02","70734","Cotton textile production","37.30","kg"
"Geismar Chemical Works","2025-02","70734","District heating - natural gas boiler","265846.30","kWh"
"Geismar Chemical Works","2025-02","70734","Refrigerant use - HFC leakage","17.26","kg"
"Geismar Chemical Works","2025-02","70734","General industrial activity","606.30","unit"
"Geismar Chemical Works","2025-03","70734","Steel production - basic oxygen furnace","59.60","kg"
"Geismar Chemical Works","2025-03","70734","Electricity generation - grid average","47684.30","kWh"
"Geismar Chemical Works","2025-03","70734","Natural gas combustion - industrial","81460.70","m3"
"Geismar Chemical Works","2025-03","70734","Diesel fuel combustion - mobile sources","3179.00","L"
"Geismar Chemical Works","2025-03","70734","Gasoline fuel combustion - mobile sources","1589.50","L"
"Geismar Chemical Works","2025-03","70734","Concrete production - ready-mixed","7450.70","kg"
"Geismar Chemical Works","2025-03","70734","Aluminum production - primary","29.80","kg"
"Geismar Chemical Works","2025-03","70734","Paper production - virgin fiber","178.80","kg"
"Geismar Chemical Works","2025-03","70734","Plastic production - general polymers","38743.50","kg"
"Geismar Chemical Works","2025-03","70734","Road freight transport - heavy truck","11921.10","t-km"
"Geismar Chemical Works","2025-03","70734","Air travel - short haul","2781.60","passenger-km"
"Geismar Chemical Works","2025-03","70734","Rail freight transport","8444.10","t-km"
"Geismar Chemical Works","2025-03","70734","Water consumption - municipal supply","37750.10","m3"
"Geismar Chemical Works","2025-03","70734","Waste to landfill - mixed municipal","9437.50","kg"
"Geismar Chemical Works","2025-03","70734","Copper production - primary","79.50","kg"
"Geismar Chemical Works","2025-03","70734","Glass production - container glass","317.90","kg"
"Geismar Chemical Works","2025-03","70734","Cotton textile production","39.70","kg"
"Geismar Chemical Works","2025-03","70734","District heating - natural gas boiler","283125.60","kWh"
"Geismar Chemical Works","2025-03","70734","Refrigerant use - HFC leakage","18.38","kg"
"Geismar Chemical Works","2025-03","70734","General industrial activity","645.70","unit"
"Plaquemine Polymer Facility","2025-01","70764","Steel production - basic oxygen furnace","62.30","kg"
"Plaquemine Polymer Facility","2025-01","70764","Electricity generation - grid average","49823.10","kWh"
"Plaquemine Polymer Facility","2025-01","70764","Natural gas combustion - industrial","85114.50","m3"
"Plaquemine Polymer Facility","2025-01","70764","Diesel fuel combustion - mobile sources","3321.50","L"
"Plaquemine Polymer Facility","2025-01","70764","Gasoline fuel combustion - mobile sources","1660.80","L"
"Plaquemine Polymer Facility","2025-01","70764","Concrete production - ready-mixed","7784.90","kg"
"Plaquemine Polymer Facility","2025-01","70764","Aluminum production - primary","31.10","kg"
"Plaquemine Polymer Facility","2025-01","70764","Paper production - virgin fiber","186.80","kg"
"Plaquemine Polymer Facility","2025-01","70764","Plastic production - general polymers","40481.30","kg"
"Plaquemine Polymer Facility","2025-01","70764","Road freight transport - heavy truck","12455.80","t-km"
"Plaquemine Polymer Facility","2025-01","70764","Air travel - short haul","2906.30","passenger-km"
"Plaquemine Polymer Facility","2025-01","70764","Rail freight transport","8822.80","t-km"
"Plaquemine Polymer Facility","2025-01","70764","Water consumption - municipal supply","39443.30","m3"
"Plaquemine Polymer Facility","2025-01","70764","Waste to landfill - mixed municipal","9860.80","kg"
"Plaquemine Polymer Facility","2025-01","70764","Copper production - primary","83.00","kg"
"Plaquemine Polymer Facility","2025-01","70764","Glass production - container glass","332.20","kg"
"Plaquemine Polymer Facility","2025-01","70764","Cotton textile production","41.50","kg"
"Plaquemine Polymer Facility","2025-01","70764","District heating - natural gas boiler","295824.70","kWh"
"Plaquemine Polymer Facility","2025-01","70764","Refrigerant use - HFC leakage","19.20","kg"
"Plaquemine Polymer Facility","2025-01","70764","General industrial activity","674.70","unit"
"Plaquemine Polymer Facility","2025-02","70764","Steel production - basic oxygen furnace","62.20","kg"
"Plaquemine Polymer Facility","2025-02","70764","Electricity generation - grid average","49731.10","kWh"
"Plaquemine Polymer Facility","2025-02","70764","Natural gas combustion - industrial","84957.20","m3"
"Plaquemine Polymer Facility","2025-02","70764","Diesel fuel combustion - mobile sources","3315.40","L"
"Plaquemine Polymer Facility","2025-02","70764","Gasoline fuel combustion - mobile sources","1657.70","L"
"Plaquemine Polymer Facility","2025-02","70764","Concrete production - ready-mixed","7770.50","kg"
"Plaquemine Polymer Facility","2025-02","70764","Aluminum production - primary","31.10","kg"
"Plaquemine Polymer Facility","2025-02","70764","Paper production - virgin fiber","186.50","kg"
"Plaquemine Polymer Facility","2025-02","70764","Plastic production - general polymers","40406.50","kg"
"Plaquemine Polymer Facility","2025-02","70764","Road freight transport - heavy truck","12432.80","t-km"
"Plaquemine Polymer Facility","2025-02","70764","Air travel - short haul","2901.00","passenger-km"
"Plaquemine Polymer Facility","2025-02","70764","Rail freight transport","8806.50","t-km"
"Plaquemine Polymer Facility","2025-02","70764","Water consumption - municipal supply","39370.40","m3"
"Plaquemine Polymer Facility","2025-02","70764","Waste to landfill - mixed municipal","9842.60","kg"
"Plaquemine Polymer Facility","2025-02","70764","Copper production - primary","82.90","kg"
"Plaquemine Polymer Facility","2025-02","70764","Glass production - container glass","331.50","kg"
"Plaquemine Polymer Facility","2025-02","70764","Cotton textile production","41.40","kg"
"Plaquemine Polymer Facility","2025-02","70764","District heating - natural gas boiler","295278.20","kWh"
"Plaquemine Polymer Facility","2025-02","70764","Refrigerant use - HFC leakage","19.17","kg"
"Plaquemine Polymer Facility","2025-02","70764","General industrial activity","673.40","unit"
"Plaquemine Polymer Facility","2025-03","70764","Steel production - basic oxygen furnace","64.40","kg"
"Plaquemine Polymer Facility","2025-03","70764","Electricity generation - grid average","51492.50","kWh"
"Plaquemine Polymer Facility","2025-03","70764","Natural gas combustion - industrial","87966.40","m3"
"Plaquemine Polymer Facility","2025-03","70764","Diesel fuel combustion - mobile sources","3432.80","L"
"Plaquemine Polymer Facility","2025-03","70764","Gasoline fuel combustion - mobile sources","1716.40","L"
"Plaquemine Polymer Facility","2025-03","70764","Concrete production - ready-mixed","8045.70","kg"
"Plaquemine Polymer Facility","2025-03","70764","Aluminum production - primary","32.20","kg"
"Plaquemine Polymer Facility","2025-03","70764","Paper production - virgin fiber","193.10","kg"
"Plaquemine Polymer Facility","2025-03","70764","Plastic production - general polymers","41837.70","kg"
"Plaquemine Polymer Facility","2025-03","70764","Road freight transport - heavy truck","12873.10","t-km"
"Plaquemine Polymer Facility","2025-03","70764","Air travel - short haul","3003.70","passenger-km"
"Plaquemine Polymer Facility","2025-03","70764","Rail freight transport","9118.50","t-km"
"Plaquemine Polymer Facility","2025-03","70764","Water consumption - municipal supply","40764.90","m3"
"Plaquemine Polymer Facility","2025-03","70764","Waste to landfill - mixed municipal","10191.20","kg"
"Plaquemine Polymer Facility","2025-03","70764","Copper production - primary","85.80","kg"
"Plaquemine Polymer Facility","2025-03","70764","Glass production - container glass","343.30","kg"
"Plaquemine Polymer Facility","2025-03","70764","Cotton textile production","42.90","kg"
"Plaquemine Polymer Facility","2025-03","70764","District heating - natural gas boiler","305736.80","kWh"
"Plaquemine Polymer Facility","2025-03","70764","Refrigerant use - HFC leakage","19.85","kg"
"Plaquemine Polymer Facility","2025-03","70764","General industrial activity","697.30","unit"
"Lake Charles Gas & Refining","2025-01","70601","Steel production - basic oxygen furnace","50.40","kg"
"Lake Charles Gas & Refining","2025-01","70601","Electricity generation - grid average","40333.00","kWh"
"Lake Charles Gas & Refining","2025-01","70601","Natural gas combustion - industrial","68902.20","m3"
"Lake Charles Gas & Refining","2025-01","70601","Diesel fuel combustion - mobile sources","2688.90","L"
"Lake Charles Gas & Refining","2025-01","70601","Gasoline fuel combustion - mobile sources","1344.40","L"
"Lake Charles Gas & Refining","2025-01","70601","Concrete production - ready-mixed","6302.00","kg"
"Lake Charles Gas & Refining","2025-01","70601","Aluminum production - primary","25.20","kg"
"Lake Charles Gas & Refining","2025-01","70601","Paper production - virgin fiber","151.20","kg"
"Lake Charles Gas & Refining","2025-01","70601","Plastic production - general polymers","32770.60","kg"
"Lake Charles Gas & Refining","2025-01","70601","Road freight transport - heavy truck","10083.20","t-km"
"Lake Charles Gas & Refining","2025-01","70601","Air travel - short haul","2352.80","passenger-km"
"Lake Charles Gas & Refining","2025-01","70601","Rail freight transport","7142.30","t-km"
"Lake Charles Gas & Refining","2025-01","70601","Water consumption - municipal supply","31930.30","m3"
"Lake Charles Gas & Refining","2025-01","70601","Waste to landfill - mixed municipal","7982.60","kg"
"Lake Charles Gas & Refining","2025-01","70601","Copper production - primary","67.20","kg"
"Lake Charles Gas & Refining","2025-01","70601","Glass production - container glass","268.90","kg"
"Lake Charles Gas & Refining","2025-01","70601","Cotton textile production","33.60","kg"
"Lake Charles Gas & Refining","2025-01","70601","District heating - natural gas boiler","239477.10","kWh"
"Lake Charles Gas & Refining","2025-01","70601","Refrigerant use - HFC leakage","15.55","kg"
"Lake Charles Gas & Refining","2025-01","70601","General industrial activity","546.20","unit"
"Lake Charles Gas & Refining","2025-02","70601","Steel production - basic oxygen furnace","50.30","kg"
"Lake Charles Gas & Refining","2025-02","70601","Electricity generation - grid average","40258.50","kWh"
"Lake Charles Gas & Refining","2025-02","70601","Natural gas combustion - industrial","68774.90","m3"
"Lake Charles Gas & Refining","2025-02","70601","Diesel fuel combustion - mobile sources","2683.90","L"
"Lake Charles Gas & Refining","2025-02","70601","Gasoline fuel combustion - mobile sources","1341.90","L"
"Lake Charles Gas & Refining","2025-02","70601","Concrete production - ready-mixed","6290.40","kg"
"Lake Charles Gas & Refining","2025-02","70601","Aluminum production - primary","25.20","kg"
"Lake Charles Gas & Refining","2025-02","70601","Paper production - virgin fiber","151.00","kg"
"Lake Charles Gas & Refining","2025-02","70601","Plastic production - general polymers","32710.00","kg"
"Lake Charles Gas & Refining","2025-02","70601","Road freight transport - heavy truck","10064.60","t-km"
"Lake Charles Gas & Refining","2025-02","70601","Air travel - short haul","2348.40","passenger-km"
"Lake Charles Gas & Refining","2025-02","70601","Rail freight transport","7129.10","t-km"
"Lake Charles Gas & Refining","2025-02","70601","Water consumption - municipal supply","31871.30","m3"
"Lake Charles Gas & Refining","2025-02","70601","Waste to landfill - mixed municipal","7967.80","kg"
"Lake Charles Gas & Refining","2025-02","70601","Copper production - primary","67.10","kg"
"Lake Charles Gas & Refining","2025-02","70601","Glass production - container glass","268.40","kg"
"Lake Charles Gas & Refining","2025-02","70601","Cotton textile production","33.50","kg"
"Lake Charles Gas & Refining","2025-02","70601","District heating - natural gas boiler","239034.70","kWh"
"Lake Charles Gas & Refining","2025-02","70601","Refrigerant use - HFC leakage","15.52","kg"
"Lake Charles Gas & Refining","2025-02","70601","General industrial activity","545.20","unit"
"Lake Charles Gas & Refining","2025-03","70601","Steel production - basic oxygen furnace","52.10","kg"
"Lake Charles Gas & Refining","2025-03","70601","Electricity generation - grid average","41684.40","kWh"
"Lake Charles Gas & Refining","2025-03","70601","Natural gas combustion - industrial","71210.90","m3"
"Lake Charles Gas & Refining","2025-03","70601","Diesel fuel combustion - mobile sources","2779.00","L"
"Lake Charles Gas & Refining","2025-03","70601","Gasoline fuel combustion - mobile sources","1389.50","L"
"Lake Charles Gas & Refining","2025-03","70601","Concrete production - ready-mixed","6513.20","kg"
"Lake Charles Gas & Refining","2025-03","70601","Aluminum production - primary","26.10","kg"
"Lake Charles Gas & Refining","2025-03","70601","Paper production - virgin fiber","156.30","kg"
"Lake Charles Gas & Refining","2025-03","70601","Plastic production - general polymers","33868.60","kg"
"Lake Charles Gas & Refining","2025-03","70601","Road freight transport - heavy truck","10421.10","t-km"
"Lake Charles Gas & Refining","2025-03","70601","Air travel - short haul","2431.60","passenger-km"
"Lake Charles Gas & Refining","2025-03","70601","Rail freight transport","7381.60","t-km"
"Lake Charles Gas & Refining","2025-03","70601","Water consumption - municipal supply","33000.20","m3"
"Lake Charles Gas & Refining","2025-03","70601","Waste to landfill - mixed municipal","8250.00","kg"
"Lake Charles Gas & Refining","2025-03","70601","Copper production - primary","69.50","kg"
"Lake Charles Gas & Refining","2025-03","70601","Glass production - container glass","277.90","kg"
"Lake Charles Gas & Refining","2025-03","70601","Cotton textile production","34.70","kg"
"Lake Charles Gas & Refining","2025-03","70601","District heating - natural gas boiler","247501.20","kWh"
"Lake Charles Gas & Refining","2025-03","70601","Refrigerant use - HFC leakage","16.07","kg"
"Lake Charles Gas & Refining","2025-03","70601","General industrial activity","564.50","unit"
