facility,reporting_period,activity_name,quantity,unit
"Plant 01","2025-01","Steel production - basic oxygen furnace","19702.50","kg"
"Plant 01","2025-01","Electricity generation - grid average","45570.00","kWh"
"Plant 01","2025-01","Natural gas combustion - industrial","8398.00","m3"
"Plant 01","2025-01","Diesel fuel combustion - mobile sources","1631.25","L"
"Plant 01","2025-01","Gasoline fuel combustion - mobile sources","654.10","L"
"Plant 01","2025-01","Concrete production - ready-mixed","12900.00","kg"
"Plant 01","2025-01","Aluminum production - primary","2025.75","kg"
"Plant 01","2025-01","Paper production - virgin fiber","3010.50","kg"
"Plant 01","2025-01","Plastic production - general polymers","2610.50","kg"
"Plant 01","2025-01","Road freight transport - heavy truck","44730.00","t-km"
"Plant 01","2025-01","Air travel - short haul","9439.50","passenger-km"
"Plant 01","2025-01","Rail freight transport","39780.00","t-km"
"Plant 01","2025-01","Water consumption - municipal supply","5850.00","m3"
"Plant 01","2025-01","Waste to landfill - mixed municipal","970.60","kg"
"Plant 01","2025-01","Copper production - primary","580.50","kg"
"Plant 01","2025-01","Glass production - container glass","2299.50","kg"
"Plant 01","2025-01","Cotton textile production","501.75","kg"
"Plant 01","2025-01","District heating - natural gas boiler","19862.50","kWh"
"Plant 01","2025-01","Refrigerant use - HFC leakage","2.56","kg"
"Plant 01","2025-01","General industrial activity","694.40","unit"
"Plant 01","2025-02","Steel production - basic oxygen furnace","20720.00","kg"
"Plant 01","2025-02","Electricity generation - grid average","47880.00","kWh"
"Plant 01","2025-02","Natural gas combustion - industrial","8816.00","m3"
"Plant 01","2025-02","Diesel fuel combustion - mobile sources","1580.50","L"
"Plant 01","2025-02","Gasoline fuel combustion - mobile sources","688.20","L"
"Plant 01","2025-02","Concrete production - ready-mixed","13560.00","kg"
"Plant 01","2025-02","Aluminum production - primary","2127.50","kg"
"Plant 01","2025-02","Paper production - virgin fiber","2916.00","kg"
"Plant 01","2025-02","Plastic production - general polymers","2530.00","kg"
"Plant 01","2025-02","Road freight transport - heavy truck","47040.00","t-km"
"Plant 01","2025-02","Air travel - short haul","9918.00","passenger-km"
"Plant 01","2025-02","Rail freight transport","41760.00","t-km"
"Plant 01","2025-02","Water consumption - municipal supply","5668.00","m3"
"Plant 01","2025-02","Waste to landfill - mixed municipal","1021.20","kg"
"Plant 01","2025-02","Copper production - primary","610.20","kg"
"Plant 01","2025-02","Glass production - container glass","2415.00","kg"
"Plant 01","2025-02","Cotton textile production","486.00","kg"
"Plant 01","2025-02","District heating - natural gas boiler","19250.00","kWh"
"Plant 01","2025-02","Refrigerant use - HFC leakage","2.69","kg"
"Plant 01","2025-02","General industrial activity","729.60","unit"
"Plant 01","2025-03","Steel production - basic oxygen furnace","21737.50","kg"
"Plant 01","2025-03","Electricity generation - grid average","46410.00","kWh"
"Plant 01","2025-03","Natural gas combustion - industrial","8550.00","m3"
"Plant 01","2025-03","Diesel fuel combustion - mobile sources","1660.25","L"
"Plant 01","2025-03","Gasoline fuel combustion - mobile sources","722.30","L"
"Plant 01","2025-03","Concrete production - ready-mixed","14220.00","kg"
"Plant 01","2025-03","Aluminum production - primary","2062.75","kg"
"Plant 01","2025-03","Paper production - virgin fiber","3064.50","kg"
"Plant 01","2025-03","Plastic production - general polymers","2656.50","kg"
"Plant 01","2025-03","Road freight transport - heavy truck","49350.00","t-km"
"Plant 01","2025-03","Air travel - short haul","9613.50","passenger-km"
"Plant 01","2025-03","Rail freight transport","40500.00","t-km"
"Plant 01","2025-03","Water consumption - municipal supply","5954.00","m3"
"Plant 01","2025-03","Waste to landfill - mixed municipal","1071.80","kg"
"Plant 01","2025-03","Copper production - primary","639.90","kg"
"Plant 01","2025-03","Glass production - container glass","2341.50","kg"
"Plant 01","2025-03","Cotton textile production","510.75","kg"
"Plant 01","2025-03","District heating - natural gas boiler","20212.50","kWh"
"Plant 01","2025-03","Refrigerant use - HFC leakage","2.82","kg"
"Plant 01","2025-03","General industrial activity","707.20","unit"
"Plant 01","2025-04","Steel production - basic oxygen furnace","21090.00","kg"
"Plant 01","2025-04","Electricity generation - grid average","48720.00","kWh"
"Plant 01","2025-04","Natural gas combustion - industrial","8968.00","m3"
"Plant 01","2025-04","Diesel fuel combustion - mobile sources","1740.00","L"
"Plant 01","2025-04","Gasoline fuel combustion - mobile sources","700.60","L"
"Plant 01","2025-04","Concrete production - ready-mixed","13800.00","kg"
"Plant 01","2025-04","Aluminum production - primary","2164.50","kg"
"Plant 01","2025-04","Paper production - virgin fiber","3213.00","kg"
"Plant 01","2025-04","Plastic production - general polymers","2783.00","kg"
"Plant 01","2025-04","Road freight transport - heavy truck","47880.00","t-km"
"Plant 01","2025-04","Air travel - short haul","10092.00","passenger-km"
"Plant 01","2025-04","Rail freight transport","42480.00","t-km"
"Plant 01","2025-04","Water consumption - municipal supply","6240.00","m3"
"Plant 01","2025-04","Waste to landfill - mixed municipal","1039.60","kg"
"Plant 01","2025-04","Copper production - primary","621.00","kg"
"Plant 01","2025-04","Glass production - container glass","2457.00","kg"
"Plant 01","2025-04","Cotton textile production","535.50","kg"
"Plant 01","2025-04","District heating - natural gas boiler","21175.00","kWh"
"Plant 01","2025-04","Refrigerant use - HFC leakage","2.74","kg"
"Plant 01","2025-04","General industrial activity","742.40","unit"
"Plant 01","2025-05","Steel production - basic oxygen furnace","22107.50","kg"
"Plant 01","2025-05","Electricity generation - grid average","51030.00","kWh"
"Plant 01","2025-05","Natural gas combustion - industrial","9386.00","m3"
"Plant 01","2025-05","Diesel fuel combustion - mobile sources","1689.25","L"
"Plant 01","2025-05","Gasoline fuel combustion - mobile sources","734.70","L"
"Plant 01","2025-05","Concrete production - ready-mixed","14460.00","kg"
"Plant 01","2025-05","Aluminum production - primary","2266.25","kg"
"Plant 01","2025-05","Paper production - virgin fiber","3118.50","kg"
"Plant 01","2025-05","Plastic production - general polymers","2702.50","kg"
"Plant 01","2025-05","Road freight transport - heavy truck","50190.00","t-km"
"Plant 01","2025-05","Air travel - short haul","10570.50","passenger-km"
"Plant 01","2025-05","Rail freight transport","44460.00","t-km"
"Plant 01","2025-05","Water consumption - municipal supply","6058.00","m3"
"Plant 01","2025-05","Waste to landfill - mixed municipal","1090.20","kg"
"Plant 01","2025-05","Copper production - primary","650.70","kg"
"Plant 01","2025-05","Glass production - container glass","2572.50","kg"
"Plant 01","2025-05","Cotton textile production","519.75","kg"
"Plant 01","2025-05","District heating - natural gas boiler","20562.50","kWh"
"Plant 01","2025-05","Refrigerant use - HFC leakage","2.87","kg"
"Plant 01","2025-05","General industrial activity","777.60","unit"
"Plant 01","2025-06","Steel production - basic oxygen furnace","23125.00","kg"
"Plant 01","2025-06","Electricity generation - grid average","49560.00","kWh"
"Plant 01","2025-06","Natural gas combustion - industrial","9120.00","m3"
"Plant 01","2025-06","Diesel fuel combustion - mobile sources","1769.00","L"
"Plant 01","2025-06","Gasoline fuel combustion - mobile sources","768.80","L"
"Plant 01","2025-06","Concrete production - ready-mixed","15120.00","kg"
"Plant 01","2025-06","Aluminum production - primary","2201.50","kg"
"Plant 01","2025-06","Paper production - virgin fiber","3267.00","kg"
"Plant 01","2025-06","Plastic production - general polymers","2829.00","kg"
"Plant 01","2025-06","Road freight transport - heavy truck","52500.00","t-km"
"Plant 01","2025-06","Air travel - short haul","10266.00","passenger-km"
"Plant 01","2025-06","Rail freight transport","43200.00","t-km"
"Plant 01","2025-06","Water consumption - municipal supply","6344.00","m3"
"Plant 01","2025-06","Waste to landfill - mixed municipal","1140.80","kg"
"Plant 01","2025-06","Copper production - primary","680.40","kg"
"Plant 01","2025-06","Glass production - container glass","2499.00","kg"
"Plant 01","2025-06","Cotton textile production","544.50","kg"
"Plant 01","2025-06","District heating - natural gas boiler","21525.00","kWh"
"Plant 01","2025-06","Refrigerant use - HFC leakage","3.00","kg"
"Plant 01","2025-06","General industrial activity","755.20","unit"
"Plant 01","2025-07","Steel production - basic oxygen furnace","22477.50","kg"
"Plant 01","2025-07","Electricity generation - grid average","51870.00","kWh"
"Plant 01","2025-07","Natural gas combustion - industrial","9538.00","m3"
"Plant 01","2025-07","Diesel fuel combustion - mobile sources","1848.75","L"
"Plant 01","2025-07","Gasoline fuel combustion - mobile sources","747.10","L"
"Plant 01","2025-07","Concrete production - ready-mixed","14700.00","kg"
"Plant 01","2025-07","Aluminum production - primary","2303.25","kg"
"Plant 01","2025-07","Paper production - virgin fiber","3415.50","kg"
"Plant 01","2025-07","Plastic production - general polymers","2955.50","kg"
"Plant 01","2025-07","Road freight transport - heavy truck","51030.00","t-km"
"Plant 01","2025-07","Air travel - short haul","10744.50","passenger-km"
"Plant 01","2025-07","Rail freight transport","45180.00","t-km"
"Plant 01","2025-07","Water consumption - municipal supply","6630.00","m3"
"Plant 01","2025-07","Waste to landfill - mixed municipal","1108.60","kg"
"Plant 01","2025-07","Copper production - primary","661.50","kg"
"Plant 01","2025-07","Glass production - container glass","2614.50","kg"
"Plant 01","2025-07","Cotton textile production","569.25","kg"
"Plant 01","2025-07","District heating - natural gas boiler","22487.50","kWh"
"Plant 01","2025-07","Refrigerant use - HFC leakage","2.92","kg"
"Plant 01","2025-07","General industrial activity","790.40","unit"
"Plant 01","2025-08","Steel production - basic oxygen furnace","23495.00","kg"
"Plant 01","2025-08","Electricity generation - grid average","54180.00","kWh"
"Plant 01","2025-08","Natural gas combustion - industrial","9956.00","m3"
"Plant 01","2025-08","Diesel fuel combustion - mobile sources","1798.00","L"
"Plant 01","2025-08","Gasoline fuel combustion - mobile sources","781.20","L"
"Plant 01","2025-08","Concrete production - ready-mixed","15360.00","kg"
"Plant 01","2025-08","Aluminum production - primary","2405.00","kg"
"Plant 01","2025-08","Paper production - virgin fiber","3321.00","kg"
"Plant 01","2025-08","Plastic production - general polymers","2875.00","kg"
"Plant 01","2025-08","Road freight transport - heavy truck","53340.00","t-km"
"Plant 01","2025-08","Air travel - short haul","11223.00","passenger-km"
"Plant 01","2025-08","Rail freight transport","47160.00","t-km"
"Plant 01","2025-08","Water consumption - municipal supply","6448.00","m3"
"Plant 01","2025-08","Waste to landfill - mixed municipal","1159.20","kg"
"Plant 01","2025-08","Copper production - primary","691.20","kg"
"Plant 01","2025-08","Glass production - container glass","2730.00","kg"
"Plant 01","2025-08","Cotton textile production","553.50","kg"
"Plant 01","2025-08","District heating - natural gas boiler","21875.00","kWh"
"Plant 01","2025-08","Refrigerant use - HFC leakage","3.05","kg"
"Plant 01","2025-08","General industrial activity","825.60","unit"
"Plant 01","2025-09","Steel production - basic oxygen furnace","24512.50","kg"
"Plant 01","2025-09","Electricity generation - grid average","52710.00","kWh"
"Plant 01","2025-09","Natural gas combustion - industrial","9690.00","m3"
"Plant 01","2025-09","Diesel fuel combustion - mobile sources","1877.75","L"
"Plant 01","2025-09","Gasoline fuel combustion - mobile sources","815.30","L"
"Plant 01","2025-09","Concrete production - ready-mixed","16020.00","kg"
"Plant 01","2025-09","Aluminum production - primary","2340.25","kg"
"Plant 01","2025-09","Paper production - virgin fiber","3469.50","kg"
"Plant 01","2025-09","Plastic production - general polymers","3001.50","kg"
"Plant 01","2025-09","Road freight transport - heavy truck","55650.00","t-km"
"Plant 01","2025-09","Air travel - short haul","10918.50","passenger-km"
"Plant 01","2025-09","Rail freight transport","45900.00","t-km"
"Plant 01","2025-09","Water consumption - municipal supply","6734.00","m3"
"Plant 01","2025-09","Waste to landfill - mixed municipal","1209.80","kg"
"Plant 01","2025-09","Copper production - primary","720.90","kg"
"Plant 01","2025-09","Glass production - container glass","2656.50","kg"
"Plant 01","2025-09","Cotton textile production","578.25","kg"
"Plant 01","2025-09","District heating - natural gas boiler","22837.50","kWh"
"Plant 01","2025-09","Refrigerant use - HFC leakage","3.18","kg"
"Plant 01","2025-09","General industrial activity","803.20","unit"
"Plant 01","2025-10","Steel production - basic oxygen furnace","23865.00","kg"
"Plant 01","2025-10","Electricity generation - grid average","55020.00","kWh"
"Plant 01","2025-10","Natural gas combustion - industrial","10108.00","m3"
"Plant 01","2025-10","Diesel fuel combustion - mobile sources","1957.50","L"
"Plant 01","2025-10","Gasoline fuel combustion - mobile sources","793.60","L"
"Plant 01","2025-10","Concrete production - ready-mixed","15600.00","kg"
"Plant 01","2025-10","Aluminum production - primary","2442.00","kg"
"Plant 01","2025-10","Paper production - virgin fiber","3618.00","kg"
"Plant 01","2025-10","Plastic production - general polymers","3128.00","kg"
"Plant 01","2025-10","Road freight transport - heavy truck","54180.00","t-km"
"Plant 01","2025-10","Air travel - short haul","11397.00","passenger-km"
"Plant 01","2025-10","Rail freight transport","47880.00","t-km"
"Plant 01","2025-10","Water consumption - municipal supply","7020.00","m3"
"Plant 01","2025-10","Waste to landfill - mixed municipal","1177.60","kg"
"Plant 01","2025-10","Copper production - primary","702.00","kg"
"Plant 01","2025-10","Glass production - container glass","2772.00","kg"
"Plant 01","2025-10","Cotton textile production","603.00","kg"
"Plant 01","2025-10","District heating - natural gas boiler","23800.00","kWh"
"Plant 01","2025-10","Refrigerant use - HFC leakage","3.10","kg"
"Plant 01","2025-10","General industrial activity","838.40","unit"
"Plant 02","2025-01","Steel production - basic oxygen furnace","22292.50","kg"
"Plant 02","2025-01","Electricity generation - grid average","47670.00","kWh"
"Plant 02","2025-01","Natural gas combustion - industrial","8778.00","m3"
"Plant 02","2025-01","Diesel fuel combustion - mobile sources","1703.75","L"
"Plant 02","2025-01","Gasoline fuel combustion - mobile sources","740.90","L"
"Plant 02","2025-01","Concrete production - ready-mixed","13500.00","kg"
"Plant 02","2025-01","Aluminum production - primary","2118.25","kg"
"Plant 02","2025-01","Paper production - virgin fiber","3145.50","kg"
"Plant 02","2025-01","Plastic production - general polymers","2725.50","kg"
"Plant 02","2025-01","Road freight transport - heavy truck","50610.00","t-km"
"Plant 02","2025-01","Air travel - short haul","9874.50","passenger-km"
"Plant 02","2025-01","Rail freight transport","41580.00","t-km"
"Plant 02","2025-01","Water consumption - municipal supply","6110.00","m3"
"Plant 02","2025-01","Waste to landfill - mixed municipal","1099.40","kg"
"Plant 02","2025-01","Copper production - primary","607.50","kg"
"Plant 02","2025-01","Glass production - container glass","2404.50","kg"
"Plant 02","2025-01","Cotton textile production","524.25","kg"
"Plant 02","2025-01","District heating - natural gas boiler","20737.50","kWh"
"Plant 02","2025-01","Refrigerant use - HFC leakage","2.89","kg"
"Plant 02","2025-01","General industrial activity","726.40","unit"
"Plant 02","2025-02","Steel production - basic oxygen furnace","21645.00","kg"
"Plant 02","2025-02","Electricity generation - grid average","49980.00","kWh"
"Plant 02","2025-02","Natural gas combustion - industrial","9196.00","m3"
"Plant 02","2025-02","Diesel fuel combustion - mobile sources","1783.50","L"
"Plant 02","2025-02","Gasoline fuel combustion - mobile sources","719.20","L"
"Plant 02","2025-02","Concrete production - ready-mixed","14160.00","kg"
"Plant 02","2025-02","Aluminum production - primary","2220.00","kg"
"Plant 02","2025-02","Paper production - virgin fiber","3294.00","kg"
"Plant 02","2025-02","Plastic production - general polymers","2645.00","kg"
"Plant 02","2025-02","Road freight transport - heavy truck","49140.00","t-km"
"Plant 02","2025-02","Air travel - short haul","10353.00","passenger-km"
"Plant 02","2025-02","Rail freight transport","43560.00","t-km"
"Plant 02","2025-02","Water consumption - municipal supply","6396.00","m3"
"Plant 02","2025-02","Waste to landfill - mixed municipal","1067.20","kg"
"Plant 02","2025-02","Copper production - primary","637.20","kg"
"Plant 02","2025-02","Glass production - container glass","2520.00","kg"
"Plant 02","2025-02","Cotton textile production","549.00","kg"
"Plant 02","2025-02","District heating - natural gas boiler","20125.00","kWh"
"Plant 02","2025-02","Refrigerant use - HFC leakage","2.81","kg"
"Plant 02","2025-02","General industrial activity","761.60","unit"
"Plant 02","2025-03","Steel production - basic oxygen furnace","22662.50","kg"
"Plant 02","2025-03","Electricity generation - grid average","52290.00","kWh"
"Plant 02","2025-03","Natural gas combustion - industrial","8930.00","m3"
"Plant 02","2025-03","Diesel fuel combustion - mobile sources","1732.75","L"
"Plant 02","2025-03","Gasoline fuel combustion - mobile sources","753.30","L"
"Plant 02","2025-03","Concrete production - ready-mixed","14820.00","kg"
"Plant 02","2025-03","Aluminum production - primary","2321.75","kg"
"Plant 02","2025-03","Paper production - virgin fiber","3199.50","kg"
"Plant 02","2025-03","Plastic production - general polymers","2771.50","kg"
"Plant 02","2025-03","Road freight transport - heavy truck","51450.00","t-km"
"Plant 02","2025-03","Air travel - short haul","10831.50","passenger-km"
"Plant 02","2025-03","Rail freight transport","42300.00","t-km"
"Plant 02","2025-03","Water consumption - municipal supply","6214.00","m3"
"Plant 02","2025-03","Waste to landfill - mixed municipal","1117.80","kg"
"Plant 02","2025-03","Copper production - primary","666.90","kg"
"Plant 02","2025-03","Glass production - container glass","2635.50","kg"
"Plant 02","2025-03","Cotton textile production","533.25","kg"
"Plant 02","2025-03","District heating - natural gas boiler","21087.50","kWh"
"Plant 02","2025-03","Refrigerant use - HFC leakage","2.94","kg"
"Plant 02","2025-03","General industrial activity","796.80","unit"
"Plant 02","2025-04","Steel production - basic oxygen furnace","23680.00","kg"
"Plant 02","2025-04","Electricity generation - grid average","50820.00","kWh"
"Plant 02","2025-04","Natural gas combustion - industrial","9348.00","m3"
"Plant 02","2025-04","Diesel fuel combustion - mobile sources","1812.50","L"
"Plant 02","2025-04","Gasoline fuel combustion - mobile sources","787.40","L"
"Plant 02","2025-04","Concrete production - ready-mixed","14400.00","kg"
"Plant 02","2025-04","Aluminum production - primary","2257.00","kg"
"Plant 02","2025-04","Paper production - virgin fiber","3348.00","kg"
"Plant 02","2025-04","Plastic production - general polymers","2898.00","kg"
"Plant 02","2025-04","Road freight transport - heavy truck","53760.00","t-km"
"Plant 02","2025-04","Air travel - short haul","10527.00","passenger-km"
"Plant 02","2025-04","Rail freight transport","44280.00","t-km"
"Plant 02","2025-04","Water consumption - municipal supply","6500.00","m3"
"Plant 02","2025-04","Waste to landfill - mixed municipal","1168.40","kg"
"Plant 02","2025-04","Copper production - primary","648.00","kg"
"Plant 02","2025-04","Glass production - container glass","2562.00","kg"
"Plant 02","2025-04","Cotton textile production","558.00","kg"
"Plant 02","2025-04","District heating - natural gas boiler","22050.00","kWh"
"Plant 02","2025-04","Refrigerant use - HFC leakage","3.07","kg"
"Plant 02","2025-04","General industrial activity","774.40","unit"
"Plant 02","2025-05","Steel production - basic oxygen furnace","23032.50","kg"
"Plant 02","2025-05","Electricity generation - grid average","53130.00","kWh"
"Plant 02","2025-05","Natural gas combustion - industrial","9766.00","m3"
"Plant 02","2025-05","Diesel fuel combustion - mobile sources","1892.25","L"
"Plant 02","2025-05","Gasoline fuel combustion - mobile sources","765.70","L"
"Plant 02","2025-05","Concrete production - ready-mixed","15060.00","kg"
"Plant 02","2025-05","Aluminum production - primary","2358.75","kg"
"Plant 02","2025-05","Paper production - virgin fiber","3496.50","kg"
"Plant 02","2025-05","Plastic production - general polymers","2817.50","kg"
"Plant 02","2025-05","Road freight transport - heavy truck","52290.00","t-km"
"Plant 02","2025-05","Air travel - short haul","11005.50","passenger-km"
"Plant 02","2025-05","Rail freight transport","46260.00","t-km"
"Plant 02","2025-05","Water consumption - municipal supply","6786.00","m3"
"Plant 02","2025-05","Waste to landfill - mixed municipal","1136.20","kg"
"Plant 02","2025-05","Copper production - primary","677.70","kg"
"Plant 02","2025-05","Glass production - container glass","2677.50","kg"
"Plant 02","2025-05","Cotton textile production","582.75","kg"
"Plant 02","2025-05","District heating - natural gas boiler","21437.50","kWh"
"Plant 02","2025-05","Refrigerant use - HFC leakage","2.99","kg"
"Plant 02","2025-05","General industrial activity","809.60","unit"
"Plant 02","2025-06","Steel production - basic oxygen furnace","24050.00","kg"
"Plant 02","2025-06","Electricity generation - grid average","55440.00","kWh"
"Plant 02","2025-06","Natural gas combustion - industrial","9500.00","m3"
"Plant 02","2025-06","Diesel fuel combustion - mobile sources","1841.50","L"
"Plant 02","2025-06","Gasoline fuel combustion - mobile sources","799.80","L"
"Plant 02","2025-06","Concrete production - ready-mixed","15720.00","kg"
"Plant 02","2025-06","Aluminum production - primary","2460.50","kg"
"Plant 02","2025-06","Paper production - virgin fiber","3402.00","kg"
"Plant 02","2025-06","Plastic production - general polymers","2944.00","kg"
"Plant 02","2025-06","Road freight transport - heavy truck","54600.00","t-km"
"Plant 02","2025-06","Air travel - short haul","11484.00","passenger-km"
"Plant 02","2025-06","Rail freight transport","45000.00","t-km"
"Plant 02","2025-06","Water consumption - municipal supply","6604.00","m3"
"Plant 02","2025-06","Waste to landfill - mixed municipal","1186.80","kg"
"Plant 02","2025-06","Copper production - primary","707.40","kg"
"Plant 02","2025-06","Glass production - container glass","2793.00","kg"
"Plant 02","2025-06","Cotton textile production","567.00","kg"
"Plant 02","2025-06","District heating - natural gas boiler","22400.00","kWh"
"Plant 02","2025-06","Refrigerant use - HFC leakage","3.12","kg"
"Plant 02","2025-06","General industrial activity","844.80","unit"
"Plant 02","2025-07","Steel production - basic oxygen furnace","25067.50","kg"
"Plant 02","2025-07","Electricity generation - grid average","53970.00","kWh"
"Plant 02","2025-07","Natural gas combustion - industrial","9918.00","m3"
"Plant 02","2025-07","Diesel fuel combustion - mobile sources","1921.25","L"
"Plant 02","2025-07","Gasoline fuel combustion - mobile sources","833.90","L"
"Plant 02","2025-07","Concrete production - ready-mixed","15300.00","kg"
"Plant 02","2025-07","Aluminum production - primary","2395.75","kg"
"Plant 02","2025-07","Paper production - virgin fiber","3550.50","kg"
"Plant 02","2025-07","Plastic production - general polymers","3070.50","kg"
"Plant 02","2025-07","Road freight transport - heavy truck","56910.00","t-km"
"Plant 02","2025-07","Air travel - short haul","11179.50","passenger-km"
"Plant 02","2025-07","Rail freight transport","46980.00","t-km"
"Plant 02","2025-07","Water consumption - municipal supply","6890.00","m3"
"Plant 02","2025-07","Waste to landfill - mixed municipal","1237.40","kg"
"Plant 02","2025-07","Copper production - primary","688.50","kg"
"Plant 02","2025-07","Glass production - container glass","2719.50","kg"
"Plant 02","2025-07","Cotton textile production","591.75","kg"
"Plant 02","2025-07","District heating - natural gas boiler","23362.50","kWh"
"Plant 02","2025-07","Refrigerant use - HFC leakage","3.25","kg"
"Plant 02","2025-07","General industrial activity","822.40","unit"
"Plant 02","2025-08","Steel production - basic oxygen furnace","24420.00","kg"
"Plant 02","2025-08","Electricity generation - grid average","56280.00","kWh"
"Plant 02","2025-08","Natural gas combustion - industrial","10336.00","m3"
"Plant 02","2025-08","Diesel fuel combustion - mobile sources","2001.00","L"
"Plant 02","2025-08","Gasoline fuel combustion - mobile sources","812.20","L"
"Plant 02","2025-08","Concrete production - ready-mixed","15960.00","kg"
"Plant 02","2025-08","Aluminum production - primary","2497.50","kg"
"Plant 02","2025-08","Paper production - virgin fiber","3699.00","kg"
"Plant 02","2025-08","Plastic production - general polymers","2990.00","kg"
"Plant 02","2025-08","Road freight transport - heavy truck","55440.00","t-km"
"Plant 02","2025-08","Air travel - short haul","11658.00","passenger-km"
"Plant 02","2025-08","Rail freight transport","48960.00","t-km"
"Plant 02","2025-08","Water consumption - municipal supply","7176.00","m3"
"Plant 02","2025-08","Waste to landfill - mixed municipal","1205.20","kg"
"Plant 02","2025-08","Copper production - primary","718.20","kg"
"Plant 02","2025-08","Glass production - container glass","2835.00","kg"
"Plant 02","2025-08","Cotton textile production","616.50","kg"
"Plant 02","2025-08","District heating - natural gas boiler","22750.00","kWh"
"Plant 02","2025-08","Refrigerant use - HFC leakage","3.17","kg"
"Plant 02","2025-08","General industrial activity","857.60","unit"
"Plant 02","2025-09","Steel production - basic oxygen furnace","25437.50","kg"
"Plant 02","2025-09","Electricity generation - grid average","58590.00","kWh"
"Plant 02","2025-09","Natural gas combustion - industrial","10070.00","m3"
"Plant 02","2025-09","Diesel fuel combustion - mobile sources","1950.25","L"
"Plant 02","2025-09","Gasoline fuel combustion - mobile sources","846.30","L"
"Plant 02","2025-09","Concrete production - ready-mixed","16620.00","kg"
"Plant 02","2025-09","Aluminum production - primary","2599.25","kg"
"Plant 02","2025-09","Paper production - virgin fiber","3604.50","kg"
"Plant 02","2025-09","Plastic production - general polymers","3116.50","kg"
"Plant 02","2025-09","Road freight transport - heavy truck","57750.00","t-km"
"Plant 02","2025-09","Air travel - short haul","12136.50","passenger-km"
"Plant 02","2025-09","Rail freight transport","47700.00","t-km"
"Plant 02","2025-09","Water consumption - municipal supply","6994.00","m3"
"Plant 02","2025-09","Waste to landfill - mixed municipal","1255.80","kg"
"Plant 02","2025-09","Copper production - primary","747.90","kg"
"Plant 02","2025-09","Glass production - container glass","2950.50","kg"
"Plant 02","2025-09","Cotton textile production","600.75","kg"
"Plant 02","2025-09","District heating - natural gas boiler","23712.50","kWh"
"Plant 02","2025-09","Refrigerant use - HFC leakage","3.30","kg"
"Plant 02","2025-09","General industrial activity","892.80","unit"
"Plant 02","2025-10","Steel production - basic oxygen furnace","26455.00","kg"
"Plant 02","2025-10","Electricity generation - grid average","57120.00","kWh"
"Plant 02","2025-10","Natural gas combustion - industrial","10488.00","m3"
"Plant 02","2025-10","Diesel fuel combustion - mobile sources","2030.00","L"
"Plant 02","2025-10","Gasoline fuel combustion - mobile sources","880.40","L"
"Plant 02","2025-10","Concrete production - ready-mixed","16200.00","kg"
"Plant 02","2025-10","Aluminum production - primary","2534.50","kg"
"Plant 02","2025-10","Paper production - virgin fiber","3753.00","kg"
"Plant 02","2025-10","Plastic production - general polymers","3243.00","kg"
"Plant 02","2025-10","Road freight transport - heavy truck","60060.00","t-km"
"Plant 02","2025-10","Air travel - short haul","11832.00","passenger-km"
"Plant 02","2025-10","Rail freight transport","49680.00","t-km"
"Plant 02","2025-10","Water consumption - municipal supply","7280.00","m3"
"Plant 02","2025-10","Waste to landfill - mixed municipal","1306.40","kg"
"Plant 02","2025-10","Copper production - primary","729.00","kg"
"Plant 02","2025-10","Glass production - container glass","2877.00","kg"
"Plant 02","2025-10","Cotton textile production","625.50","kg"
"Plant 02","2025-10","District heating - natural gas boiler","24675.00","kWh"
"Plant 02","2025-10","Refrigerant use - HFC leakage","3.43","kg"
"Plant 02","2025-10","General industrial activity","870.40","unit"
"Plant 03","2025-01","Steel production - basic oxygen furnace","23217.50","kg"
"Plant 03","2025-01","Electricity generation - grid average","53550.00","kWh"
"Plant 03","2025-01","Natural gas combustion - industrial","9158.00","m3"
"Plant 03","2025-01","Diesel fuel combustion - mobile sources","1776.25","L"
"Plant 03","2025-01","Gasoline fuel combustion - mobile sources","771.90","L"
"Plant 03","2025-01","Concrete production - ready-mixed","15180.00","kg"
"Plant 03","2025-01","Aluminum production - primary","2210.75","kg"
"Plant 03","2025-01","Paper production - virgin fiber","3280.50","kg"
"Plant 03","2025-01","Plastic production - general polymers","2840.50","kg"
"Plant 03","2025-01","Road freight transport - heavy truck","52710.00","t-km"
"Plant 03","2025-01","Air travel - short haul","11092.50","passenger-km"
"Plant 03","2025-01","Rail freight transport","43380.00","t-km"
"Plant 03","2025-01","Water consumption - municipal supply","6370.00","m3"
"Plant 03","2025-01","Waste to landfill - mixed municipal","1145.40","kg"
"Plant 03","2025-01","Copper production - primary","683.10","kg"
"Plant 03","2025-01","Glass production - container glass","2509.50","kg"
"Plant 03","2025-01","Cotton textile production","546.75","kg"
"Plant 03","2025-01","District heating - natural gas boiler","21612.50","kWh"
"Plant 03","2025-01","Refrigerant use - HFC leakage","3.01","kg"
"Plant 03","2025-01","General industrial activity","816.00","unit"
"Plant 03","2025-02","Steel production - basic oxygen furnace","22570.00","kg"
"Plant 03","2025-02","Electricity generation - grid average","52080.00","kWh"
"Plant 03","2025-02","Natural gas combustion - industrial","9576.00","m3"
"Plant 03","2025-02","Diesel fuel combustion - mobile sources","1856.00","L"
"Plant 03","2025-02","Gasoline fuel combustion - mobile sources","806.00","L"
"Plant 03","2025-02","Concrete production - ready-mixed","14760.00","kg"
"Plant 03","2025-02","Aluminum production - primary","2312.50","kg"
"Plant 03","2025-02","Paper production - virgin fiber","3429.00","kg"
"Plant 03","2025-02","Plastic production - general polymers","2967.00","kg"
"Plant 03","2025-02","Road freight transport - heavy truck","51240.00","t-km"
"Plant 03","2025-02","Air travel - short haul","10788.00","passenger-km"
"Plant 03","2025-02","Rail freight transport","45360.00","t-km"
"Plant 03","2025-02","Water consumption - municipal supply","6656.00","m3"
"Plant 03","2025-02","Waste to landfill - mixed municipal","1196.00","kg"
"Plant 03","2025-02","Copper production - primary","664.20","kg"
"Plant 03","2025-02","Glass production - container glass","2625.00","kg"
"Plant 03","2025-02","Cotton textile production","571.50","kg"
"Plant 03","2025-02","District heating - natural gas boiler","22575.00","kWh"
"Plant 03","2025-02","Refrigerant use - HFC leakage","2.93","kg"
"Plant 03","2025-02","General industrial activity","793.60","unit"
"Plant 03","2025-03","Steel production - basic oxygen furnace","23587.50","kg"
"Plant 03","2025-03","Electricity generation - grid average","54390.00","kWh"
"Plant 03","2025-03","Natural gas combustion - industrial","9994.00","m3"
"Plant 03","2025-03","Diesel fuel combustion - mobile sources","1805.25","L"
"Plant 03","2025-03","Gasoline fuel combustion - mobile sources","784.30","L"
"Plant 03","2025-03","Concrete production - ready-mixed","15420.00","kg"
"Plant 03","2025-03","Aluminum production - primary","2414.25","kg"
"Plant 03","2025-03","Paper production - virgin fiber","3577.50","kg"
"Plant 03","2025-03","Plastic production - general polymers","2886.50","kg"
"Plant 03","2025-03","Road freight transport - heavy truck","53550.00","t-km"
"Plant 03","2025-03","Air travel - short haul","11266.50","passenger-km"
"Plant 03","2025-03","Rail freight transport","47340.00","t-km"
"Plant 03","2025-03","Water consumption - municipal supply","6474.00","m3"
"Plant 03","2025-03","Waste to landfill - mixed municipal","1163.80","kg"
"Plant 03","2025-03","Copper production - primary","693.90","kg"
"Plant 03","2025-03","Glass production - container glass","2740.50","kg"
"Plant 03","2025-03","Cotton textile production","596.25","kg"
"Plant 03","2025-03","District heating - natural gas boiler","21962.50","kWh"
"Plant 03","2025-03","Refrigerant use - HFC leakage","3.06","kg"
"Plant 03","2025-03","General industrial activity","828.80","unit"
"Plant 03","2025-04","Steel production - basic oxygen furnace","24605.00","kg"
"Plant 03","2025-04","Electricity generation - grid average","56700.00","kWh"
"Plant 03","2025-04","Natural gas combustion - industrial","9728.00","m3"
"Plant 03","2025-04","Diesel fuel combustion - mobile sources","1885.00","L"
"Plant 03","2025-04","Gasoline fuel combustion - mobile sources","818.40","L"
"Plant 03","2025-04","Concrete production - ready-mixed","16080.00","kg"
"Plant 03","2025-04","Aluminum production - primary","2349.50","kg"
"Plant 03","2025-04","Paper production - virgin fiber","3483.00","kg"
"Plant 03","2025-04","Plastic production - general polymers","3013.00","kg"
"Plant 03","2025-04","Road freight transport - heavy truck","55860.00","t-km"
"Plant 03","2025-04","Air travel - short haul","11745.00","passenger-km"
"Plant 03","2025-04","Rail freight transport","46080.00","t-km"
"Plant 03","2025-04","Water consumption - municipal supply","6760.00","m3"
"Plant 03","2025-04","Waste to landfill - mixed municipal","1214.40","kg"
"Plant 03","2025-04","Copper production - primary","723.60","kg"
"Plant 03","2025-04","Glass production - container glass","2667.00","kg"
"Plant 03","2025-04","Cotton textile production","580.50","kg"
"Plant 03","2025-04","District heating - natural gas boiler","22925.00","kWh"
"Plant 03","2025-04","Refrigerant use - HFC leakage","3.19","kg"
"Plant 03","2025-04","General industrial activity","864.00","unit"
"Plant 03","2025-05","Steel production - basic oxygen furnace","23957.50","kg"
"Plant 03","2025-05","Electricity generation - grid average","55230.00","kWh"
"Plant 03","2025-05","Natural gas combustion - industrial","10146.00","m3"
"Plant 03","2025-05","Diesel fuel combustion - mobile sources","1964.75","L"
"Plant 03","2025-05","Gasoline fuel combustion - mobile sources","852.50","L"
"Plant 03","2025-05","Concrete production - ready-mixed","15660.00","kg"
"Plant 03","2025-05","Aluminum production - primary","2451.25","kg"
"Plant 03","2025-05","Paper production - virgin fiber","3631.50","kg"
"Plant 03","2025-05","Plastic production - general polymers","3139.50","kg"
"Plant 03","2025-05","Road freight transport - heavy truck","54390.00","t-km"
"Plant 03","2025-05","Air travel - short haul","11440.50","passenger-km"
"Plant 03","2025-05","Rail freight transport","48060.00","t-km"
"Plant 03","2025-05","Water consumption - municipal supply","7046.00","m3"
"Plant 03","2025-05","Waste to landfill - mixed municipal","1265.00","kg"
"Plant 03","2025-05","Copper production - primary","704.70","kg"
"Plant 03","2025-05","Glass production - container glass","2782.50","kg"
"Plant 03","2025-05","Cotton textile production","605.25","kg"
"Plant 03","2025-05","District heating - natural gas boiler","23887.50","kWh"
"Plant 03","2025-05","Refrigerant use - HFC leakage","3.11","kg"
"Plant 03","2025-05","General industrial activity","841.60","unit"
"Plant 03","2025-06","Steel production - basic oxygen furnace","24975.00","kg"
"Plant 03","2025-06","Electricity generation - grid average","57540.00","kWh"
"Plant 03","2025-06","Natural gas combustion - industrial","10564.00","m3"
"Plant 03","2025-06","Diesel fuel combustion - mobile sources","1914.00","L"
"Plant 03","2025-06","Gasoline fuel combustion - mobile sources","830.80","L"
"Plant 03","2025-06","Concrete production - ready-mixed","16320.00","kg"
"Plant 03","2025-06","Aluminum production - primary","2553.00","kg"
"Plant 03","2025-06","Paper production - virgin fiber","3780.00","kg"
"Plant 03","2025-06","Plastic production - general polymers","3059.00","kg"
"Plant 03","2025-06","Road freight transport - heavy truck","56700.00","t-km"
"Plant 03","2025-06","Air travel - short haul","11919.00","passenger-km"
"Plant 03","2025-06","Rail freight transport","50040.00","t-km"
"Plant 03","2025-06","Water consumption - municipal supply","6864.00","m3"
"Plant 03","2025-06","Waste to landfill - mixed municipal","1232.80","kg"
"Plant 03","2025-06","Copper production - primary","734.40","kg"
"Plant 03","2025-06","Glass production - container glass","2898.00","kg"
"Plant 03","2025-06","Cotton textile production","630.00","kg"
"Plant 03","2025-06","District heating - natural gas boiler","23275.00","kWh"
"Plant 03","2025-06","Refrigerant use - HFC leakage","3.24","kg"
"Plant 03","2025-06","General industrial activity","876.80","unit"
"Plant 03","2025-07","Steel production - basic oxygen furnace","25992.50","kg"
"Plant 03","2025-07","Electricity generation - grid average","59850.00","kWh"
"Plant 03","2025-07","Natural gas combustion - industrial","10298.00","m3"
"Plant 03","2025-07","Diesel fuel combustion - mobile sources","1993.75","L"
"Plant 03","2025-07","Gasoline fuel combustion - mobile sources","864.90","L"
"Plant 03","2025-07","Concrete production - ready-mixed","16980.00","kg"
"Plant 03","2025-07","Aluminum production - primary","2488.25","kg"
"Plant 03","2025-07","Paper production - virgin fiber","3685.50","kg"
"Plant 03","2025-07","Plastic production - general polymers","3185.50","kg"
"Plant 03","2025-07","Road freight transport - heavy truck","59010.00","t-km"
"Plant 03","2025-07","Air travel - short haul","12397.50","passenger-km"
"Plant 03","2025-07","Rail freight transport","48780.00","t-km"
"Plant 03","2025-07","Water consumption - municipal supply","7150.00","m3"
"Plant 03","2025-07","Waste to landfill - mixed municipal","1283.40","kg"
"Plant 03","2025-07","Copper production - primary","764.10","kg"
"Plant 03","2025-07","Glass production - container glass","2824.50","kg"
"Plant 03","2025-07","Cotton textile production","614.25","kg"
"Plant 03","2025-07","District heating - natural gas boiler","24237.50","kWh"
"Plant 03","2025-07","Refrigerant use - HFC leakage","3.37","kg"
"Plant 03","2025-07","General industrial activity","912.00","unit"
"Plant 03","2025-08","Steel production - basic oxygen furnace","25345.00","kg"
"Plant 03","2025-08","Electricity generation - grid average","58380.00","kWh"
"Plant 03","2025-08","Natural gas combustion - industrial","10716.00","m3"
"Plant 03","2025-08","Diesel fuel combustion - mobile sources","2073.50","L"
"Plant 03","2025-08","Gasoline fuel combustion - mobile sources","899.00","L"
"Plant 03","2025-08","Concrete production - ready-mixed","16560.00","kg"
"Plant 03","2025-08","Aluminum production - primary","2590.00","kg"
"Plant 03","2025-08","Paper production - virgin fiber","3834.00","kg"
"Plant 03","2025-08","Plastic production - general polymers","3312.00","kg"
"Plant 03","2025-08","Road freight transport - heavy truck","57540.00","t-km"
"Plant 03","2025-08","Air travel - short haul","12093.00","passenger-km"
"Plant 03","2025-08","Rail freight transport","50760.00","t-km"
"Plant 03","2025-08","Water consumption - municipal supply","7436.00","m3"
"Plant 03","2025-08","Waste to landfill - mixed municipal","1334.00","kg"
"Plant 03","2025-08","Copper production - primary","745.20","kg"
"Plant 03","2025-08","Glass production - container glass","2940.00","kg"
"Plant 03","2025-08","Cotton textile production","639.00","kg"
"Plant 03","2025-08","District heating - natural gas boiler","25200.00","kWh"
"Plant 03","2025-08","Refrigerant use - HFC leakage","3.29","kg"
"Plant 03","2025-08","General industrial activity","889.60","unit"
"Plant 03","2025-09","Steel production - basic oxygen furnace","26362.50","kg"
"Plant 03","2025-09","Electricity generation - grid average","60690.00","kWh"
"Plant 03","2025-09","Natural gas combustion - industrial","11134.00","m3"
"Plant 03","2025-09","Diesel fuel combustion - mobile sources","2022.75","L"
"Plant 03","2025-09","Gasoline fuel combustion - mobile sources","877.30","L"
"Plant 03","2025-09","Concrete production - ready-mixed","17220.00","kg"
"Plant 03","2025-09","Aluminum production - primary","2691.75","kg"
"Plant 03","2025-09","Paper production - virgin fiber","3982.50","kg"
"Plant 03","2025-09","Plastic production - general polymers","3231.50","kg"
"Plant 03","2025-09","Road freight transport - heavy truck","59850.00","t-km"
"Plant 03","2025-09","Air travel - short haul","12571.50","passenger-km"
"Plant 03","2025-09","Rail freight transport","52740.00","t-km"
"Plant 03","2025-09","Water consumption - municipal supply","7254.00","m3"
"Plant 03","2025-09","Waste to landfill - mixed municipal","1301.80","kg"
"Plant 03","2025-09","Copper production - primary","774.90","kg"
"Plant 03","2025-09","Glass production - container glass","3055.50","kg"
"Plant 03","2025-09","Cotton textile production","663.75","kg"
"Plant 03","2025-09","District heating - natural gas boiler","24587.50","kWh"
"Plant 03","2025-09","Refrigerant use - HFC leakage","3.42","kg"
"Plant 03","2025-09","General industrial activity","924.80","unit"
"Plant 03","2025-10","Steel production - basic oxygen furnace","27380.00","kg"
"Plant 03","2025-10","Electricity generation - grid average","63000.00","kWh"
"Plant 03","2025-10","Natural gas combustion - industrial","10868.00","m3"
"Plant 03","2025-10","Diesel fuel combustion - mobile sources","2102.50","L"
"Plant 03","2025-10","Gasoline fuel combustion - mobile sources","911.40","L"
"Plant 03","2025-10","Concrete production - ready-mixed","17880.00","kg"
"Plant 03","2025-10","Aluminum production - primary","2627.00","kg"
"Plant 03","2025-10","Paper production - virgin fiber","3888.00","kg"
"Plant 03","2025-10","Plastic production - general polymers","3358.00","kg"
"Plant 03","2025-10","Road freight transport - heavy truck","62160.00","t-km"
"Plant 03","2025-10","Air travel - short haul","13050.00","passenger-km"
"Plant 03","2025-10","Rail freight transport","51480.00","t-km"
"Plant 03","2025-10","Water consumption - municipal supply","7540.00","m3"
"Plant 03","2025-10","Waste to landfill - mixed municipal","1352.40","kg"
"Plant 03","2025-10","Copper production - primary","804.60","kg"
"Plant 03","2025-10","Glass production - container glass","2982.00","kg"
"Plant 03","2025-10","Cotton textile production","648.00","kg"
"Plant 03","2025-10","District heating - natural gas boiler","25550.00","kWh"
"Plant 03","2025-10","Refrigerant use - HFC leakage","3.55","kg"
"Plant 03","2025-10","General industrial activity","960.00","unit"
"Plant 04","2025-01","Steel production - basic oxygen furnace","24142.50","kg"
"Plant 04","2025-01","Electricity generation - grid average","55650.00","kWh"
"Plant 04","2025-01","Natural gas combustion - industrial","10222.00","m3"
"Plant 04","2025-01","Diesel fuel combustion - mobile sources","1848.75","L"
"Plant 04","2025-01","Gasoline fuel combustion - mobile sources","802.90","L"
"Plant 04","2025-01","Concrete production - ready-mixed","15780.00","kg"
"Plant 04","2025-01","Aluminum production - primary","2469.75","kg"
"Plant 04","2025-01","Paper production - virgin fiber","3415.50","kg"
"Plant 04","2025-01","Plastic production - general polymers","2955.50","kg"
"Plant 04","2025-01","Road freight transport - heavy truck","54810.00","t-km"
"Plant 04","2025-01","Air travel - short haul","11527.50","passenger-km"
"Plant 04","2025-01","Rail freight transport","48420.00","t-km"
"Plant 04","2025-01","Water consumption - municipal supply","6630.00","m3"
"Plant 04","2025-01","Waste to landfill - mixed municipal","1191.40","kg"
"Plant 04","2025-01","Copper production - primary","710.10","kg"
"Plant 04","2025-01","Glass production - container glass","2803.50","kg"
"Plant 04","2025-01","Cotton textile production","569.25","kg"
"Plant 04","2025-01","District heating - natural gas boiler","22487.50","kWh"
"Plant 04","2025-01","Refrigerant use - HFC leakage","3.13","kg"
"Plant 04","2025-01","General industrial activity","848.00","unit"
"Plant 04","2025-02","Steel production - basic oxygen furnace","25160.00","kg"
"Plant 04","2025-02","Electricity generation - grid average","54180.00","kWh"
"Plant 04","2025-02","Natural gas combustion - industrial","9956.00","m3"
"Plant 04","2025-02","Diesel fuel combustion - mobile sources","1928.50","L"
"Plant 04","2025-02","Gasoline fuel combustion - mobile sources","837.00","L"
"Plant 04","2025-02","Concrete production - ready-mixed","16440.00","kg"
"Plant 04","2025-02","Aluminum production - primary","2405.00","kg"
"Plant 04","2025-02","Paper production - virgin fiber","3564.00","kg"
"Plant 04","2025-02","Plastic production - general polymers","3082.00","kg"
"Plant 04","2025-02","Road freight transport - heavy truck","57120.00","t-km"
"Plant 04","2025-02","Air travel - short haul","11223.00","passenger-km"
"Plant 04","2025-02","Rail freight transport","47160.00","t-km"
"Plant 04","2025-02","Water consumption - municipal supply","6916.00","m3"
"Plant 04","2025-02","Waste to landfill - mixed municipal","1242.00","kg"
"Plant 04","2025-02","Copper production - primary","739.80","kg"
"Plant 04","2025-02","Glass production - container glass","2730.00","kg"
"Plant 04","2025-02","Cotton textile production","594.00","kg"
"Plant 04","2025-02","District heating - natural gas boiler","23450.00","kWh"
"Plant 04","2025-02","Refrigerant use - HFC leakage","3.26","kg"
"Plant 04","2025-02","General industrial activity","825.60","unit"
"Plant 04","2025-03","Steel production - basic oxygen furnace","24512.50","kg"
"Plant 04","2025-03","Electricity generation - grid average","56490.00","kWh"
"Plant 04","2025-03","Natural gas combustion - industrial","10374.00","m3"
"Plant 04","2025-03","Diesel fuel combustion - mobile sources","2008.25","L"
"Plant 04","2025-03","Gasoline fuel combustion - mobile sources","815.30","L"
"Plant 04","2025-03","Concrete production - ready-mixed","16020.00","kg"
"Plant 04","2025-03","Aluminum production - primary","2506.75","kg"
"Plant 04","2025-03","Paper production - virgin fiber","3712.50","kg"
"Plant 04","2025-03","Plastic production - general polymers","3208.50","kg"
"Plant 04","2025-03","Road freight transport - heavy truck","55650.00","t-km"
"Plant 04","2025-03","Air travel - short haul","11701.50","passenger-km"
"Plant 04","2025-03","Rail freight transport","49140.00","t-km"
"Plant 04","2025-03","Water consumption - municipal supply","7202.00","m3"
"Plant 04","2025-03","Waste to landfill - mixed municipal","1209.80","kg"
"Plant 04","2025-03","Copper production - primary","720.90","kg"
"Plant 04","2025-03","Glass production - container glass","2845.50","kg"
"Plant 04","2025-03","Cotton textile production","618.75","kg"
"Plant 04","2025-03","District heating - natural gas boiler","24412.50","kWh"
"Plant 04","2025-03","Refrigerant use - HFC leakage","3.18","kg"
"Plant 04","2025-03","General industrial activity","860.80","unit"
"Plant 04","2025-04","Steel production - basic oxygen furnace","25530.00","kg"
"Plant 04","2025-04","Electricity generation - grid average","58800.00","kWh"
"Plant 04","2025-04","Natural gas combustion - industrial","10792.00","m3"
"Plant 04","2025-04","Diesel fuel combustion - mobile sources","1957.50","L"
"Plant 04","2025-04","Gasoline fuel combustion - mobile sources","849.40","L"
"Plant 04","2025-04","Concrete production - ready-mixed","16680.00","kg"
"Plant 04","2025-04","Aluminum production - primary","2608.50","kg"
"Plant 04","2025-04","Paper production - virgin fiber","3618.00","kg"
"Plant 04","2025-04","Plastic production - general polymers","3128.00","kg"
"Plant 04","2025-04","Road freight transport - heavy truck","57960.00","t-km"
"Plant 04","2025-04","Air travel - short haul","12180.00","passenger-km"
"Plant 04","2025-04","Rail freight transport","51120.00","t-km"
"Plant 04","2025-04","Water consumption - municipal supply","7020.00","m3"
"Plant 04","2025-04","Waste to landfill - mixed municipal","1260.40","kg"
"Plant 04","2025-04","Copper production - primary","750.60","kg"
"Plant 04","2025-04","Glass production - container glass","2961.00","kg"
"Plant 04","2025-04","Cotton textile production","603.00","kg"
"Plant 04","2025-04","District heating - natural gas boiler","23800.00","kWh"
"Plant 04","2025-04","Refrigerant use - HFC leakage","3.31","kg"
"Plant 04","2025-04","General industrial activity","896.00","unit"
"Plant 04","2025-05","Steel production - basic oxygen furnace","26547.50","kg"
"Plant 04","2025-05","Electricity generation - grid average","57330.00","kWh"
"Plant 04","2025-05","Natural gas combustion - industrial","10526.00","m3"
"Plant 04","2025-05","Diesel fuel combustion - mobile sources","2037.25","L"
"Plant 04","2025-05","Gasoline fuel combustion - mobile sources","883.50","L"
"Plant 04","2025-05","Concrete production - ready-mixed","17340.00","kg"
"Plant 04","2025-05","Aluminum production - primary","2543.75","kg"
"Plant 04","2025-05","Paper production - virgin fiber","3766.50","kg"
"Plant 04","2025-05","Plastic production - general polymers","3254.50","kg"
"Plant 04","2025-05","Road freight transport - heavy truck","60270.00","t-km"
"Plant 04","2025-05","Air travel - short haul","11875.50","passenger-km"
"Plant 04","2025-05","Rail freight transport","49860.00","t-km"
"Plant 04","2025-05","Water consumption - municipal supply","7306.00","m3"
"Plant 04","2025-05","Waste to landfill - mixed municipal","1311.00","kg"
"Plant 04","2025-05","Copper production - primary","780.30","kg"
"Plant 04","2025-05","Glass production - container glass","2887.50","kg"
"Plant 04","2025-05","Cotton textile production","627.75","kg"
"Plant 04","2025-05","District heating - natural gas boiler","24762.50","kWh"
"Plant 04","2025-05","Refrigerant use - HFC leakage","3.44","kg"
"Plant 04","2025-05","General industrial activity","873.60","unit"
"Plant 04","2025-06","Steel production - basic oxygen furnace","25900.00","kg"
"Plant 04","2025-06","Electricity generation - grid average","59640.00","kWh"
"Plant 04","2025-06","Natural gas combustion - industrial","10944.00","m3"
"Plant 04","2025-06","Diesel fuel combustion - mobile sources","2117.00","L"
"Plant 04","2025-06","Gasoline fuel combustion - mobile sources","861.80","L"
"Plant 04","2025-06","Concrete production - ready-mixed","16920.00","kg"
"Plant 04","2025-06","Aluminum production - primary","2645.50","kg"
"Plant 04","2025-06","Paper production - virgin fiber","3915.00","kg"
"Plant 04","2025-06","Plastic production - general polymers","3381.00","kg"
"Plant 04","2025-06","Road freight transport - heavy truck","58800.00","t-km"
"Plant 04","2025-06","Air travel - short haul","12354.00","passenger-km"
"Plant 04","2025-06","Rail freight transport","51840.00","t-km"
"Plant 04","2025-06","Water consumption - municipal supply","7592.00","m3"
"Plant 04","2025-06","Waste to landfill - mixed municipal","1278.80","kg"
"Plant 04","2025-06","Copper production - primary","761.40","kg"
"Plant 04","2025-06","Glass production - container glass","3003.00","kg"
"Plant 04","2025-06","Cotton textile production","652.50","kg"
"Plant 04","2025-06","District heating - natural gas boiler","25725.00","kWh"
"Plant 04","2025-06","Refrigerant use - HFC leakage","3.36","kg"
"Plant 04","2025-06","General industrial activity","908.80","unit"
"Plant 04","2025-07","Steel production - basic oxygen furnace","26917.50","kg"
"Plant 04","2025-07","Electricity generation - grid average","61950.00","kWh"
"Plant 04","2025-07","Natural gas combustion - industrial","11362.00","m3"
"Plant 04","2025-07","Diesel fuel combustion - mobile sources","2066.25","L"
"Plant 04","2025-07","Gasoline fuel combustion - mobile sources","895.90","L"
"Plant 04","2025-07","Concrete production - ready-mixed","17580.00","kg"
"Plant 04","2025-07","Aluminum production - primary","2747.25","kg"
"Plant 04","2025-07","Paper production - virgin fiber","3820.50","kg"
"Plant 04","2025-07","Plastic production - general polymers","3300.50","kg"
"Plant 04","2025-07","Road freight transport - heavy truck","61110.00","t-km"
"Plant 04","2025-07","Air travel - short haul","12832.50","passenger-km"
"Plant 04","2025-07","Rail freight transport","53820.00","t-km"
"Plant 04","2025-07","Water consumption - municipal supply","7410.00","m3"
"Plant 04","2025-07","Waste to landfill - mixed municipal","1329.40","kg"
"Plant 04","2025-07","Copper production - primary","791.10","kg"
"Plant 04","2025-07","Glass production - container glass","3118.50","kg"
"Plant 04","2025-07","Cotton textile production","636.75","kg"
"Plant 04","2025-07","District heating - natural gas boiler","25112.50","kWh"
"Plant 04","2025-07","Refrigerant use - HFC leakage","3.49","kg"
"Plant 04","2025-07","General industrial activity","944.00","unit"
"Plant 04","2025-08","Steel production - basic oxygen furnace","27935.00","kg"
"Plant 04","2025-08","Electricity generation - grid average","60480.00","kWh"
"Plant 04","2025-08","Natural gas combustion - industrial","11096.00","m3"
"Plant 04","2025-08","Diesel fuel combustion - mobile sources","2146.00","L"
"Plant 04","2025-08","Gasoline fuel combustion - mobile sources","930.00","L"
"Plant 04","2025-08","Concrete production - ready-mixed","18240.00","kg"
"Plant 04","2025-08","Aluminum production - primary","2682.50","kg"
"Plant 04","2025-08","Paper production - virgin fiber","3969.00","kg"
"Plant 04","2025-08","Plastic production - general polymers","3427.00","kg"
"Plant 04","2025-08","Road freight transport - heavy truck","63420.00","t-km"
"Plant 04","2025-08","Air travel - short haul","12528.00","passenger-km"
"Plant 04","2025-08","Rail freight transport","52560.00","t-km"
"Plant 04","2025-08","Water consumption - municipal supply","7696.00","m3"
"Plant 04","2025-08","Waste to landfill - mixed municipal","1380.00","kg"
"Plant 04","2025-08","Copper production - primary","820.80","kg"
"Plant 04","2025-08","Glass production - container glass","3045.00","kg"
"Plant 04","2025-08","Cotton textile production","661.50","kg"
"Plant 04","2025-08","District heating - natural gas boiler","26075.00","kWh"
"Plant 04","2025-08","Refrigerant use - HFC leakage","3.62","kg"
"Plant 04","2025-08","General industrial activity","921.60","unit"
"Plant 04","2025-09","Steel production - basic oxygen furnace","27287.50","kg"
"Plant 04","2025-09","Electricity generation - grid average","62790.00","kWh"
"Plant 04","2025-09","Natural gas combustion - industrial","11514.00","m3"
"Plant 04","2025-09","Diesel fuel combustion - mobile sources","2225.75","L"
"Plant 04","2025-09","Gasoline fuel combustion - mobile sources","908.30","L"
"Plant 04","2025-09","Concrete production - ready-mixed","17820.00","kg"
"Plant 04","2025-09","Aluminum production - primary","2784.25","kg"
"Plant 04","2025-09","Paper production - virgin fiber","4117.50","kg"
"Plant 04","2025-09","Plastic production - general polymers","3553.50","kg"
"Plant 04","2025-09","Road freight transport - heavy truck","61950.00","t-km"
"Plant 04","2025-09","Air travel - short haul","13006.50","passenger-km"
"Plant 04","2025-09","Rail freight transport","54540.00","t-km"
"Plant 04","2025-09","Water consumption - municipal supply","7982.00","m3"
"Plant 04","2025-09","Waste to landfill - mixed municipal","1347.80","kg"
"Plant 04","2025-09","Copper production - primary","801.90","kg"
"Plant 04","2025-09","Glass production - container glass","3160.50","kg"
"Plant 04","2025-09","Cotton textile production","686.25","kg"
"Plant 04","2025-09","District heating - natural gas boiler","27037.50","kWh"
"Plant 04","2025-09","Refrigerant use - HFC leakage","3.54","kg"
"Plant 04","2025-09","General industrial activity","956.80","unit"
"Plant 04","2025-10","Steel production - basic oxygen furnace","28305.00","kg"
"Plant 04","2025-10","Electricity generation - grid average","65100.00","kWh"
"Plant 04","2025-10","Natural gas combustion - industrial","11932.00","m3"
"Plant 04","2025-10","Diesel fuel combustion - mobile sources","2175.00","L"
"Plant 04","2025-10","Gasoline fuel combustion - mobile sources","942.40","L"
"Plant 04","2025-10","Concrete production - ready-mixed","18480.00","kg"
"Plant 04","2025-10","Aluminum production - primary","2886.00","kg"
"Plant 04","2025-10","Paper production - virgin fiber","4023.00","kg"
"Plant 04","2025-10","Plastic production - general polymers","3473.00","kg"
"Plant 04","2025-10","Road freight transport - heavy truck","64260.00","t-km"
"Plant 04","2025-10","Air travel - short haul","13485.00","passenger-km"
"Plant 04","2025-10","Rail freight transport","56520.00","t-km"
"Plant 04","2025-10","Water consumption - municipal supply","7800.00","m3"
"Plant 04","2025-10","Waste to landfill - mixed municipal","1398.40","kg"
"Plant 04","2025-10","Copper production - primary","831.60","kg"
"Plant 04","2025-10","Glass production - container glass","3276.00","kg"
"Plant 04","2025-10","Cotton textile production","670.50","kg"
"Plant 04","2025-10","District heating - natural gas boiler","26425.00","kWh"
"Plant 04","2025-10","Refrigerant use - HFC leakage","3.67","kg"
"Plant 04","2025-10","General industrial activity","992.00","unit"
"Plant 05","2025-01","Steel production - basic oxygen furnace","25067.50","kg"
"Plant 05","2025-01","Electricity generation - grid average","57750.00","kWh"
"Plant 05","2025-01","Natural gas combustion - industrial","10602.00","m3"
"Plant 05","2025-01","Diesel fuel combustion - mobile sources","2051.75","L"
"Plant 05","2025-01","Gasoline fuel combustion - mobile sources","833.90","L"
"Plant 05","2025-01","Concrete production - ready-mixed","16380.00","kg"
"Plant 05","2025-01","Aluminum production - primary","2562.25","kg"
"Plant 05","2025-01","Paper production - virgin fiber","3793.50","kg"
"Plant 05","2025-01","Plastic production - general polymers","3070.50","kg"
"Plant 05","2025-01","Road freight transport - heavy truck","56910.00","t-km"
"Plant 05","2025-01","Air travel - short haul","11962.50","passenger-km"
"Plant 05","2025-01","Rail freight transport","50220.00","t-km"
"Plant 05","2025-01","Water consumption - municipal supply","7358.00","m3"
"Plant 05","2025-01","Waste to landfill - mixed municipal","1237.40","kg"
"Plant 05","2025-01","Copper production - primary","737.10","kg"
"Plant 05","2025-01","Glass production - container glass","2908.50","kg"
"Plant 05","2025-01","Cotton textile production","632.25","kg"
"Plant 05","2025-01","District heating - natural gas boiler","23362.50","kWh"
"Plant 05","2025-01","Refrigerant use - HFC leakage","3.25","kg"
"Plant 05","2025-01","General industrial activity","880.00","unit"
"Plant 05","2025-02","Steel production - basic oxygen furnace","26085.00","kg"
"Plant 05","2025-02","Electricity generation - grid average","60060.00","kWh"
"Plant 05","2025-02","Natural gas combustion - industrial","10336.00","m3"
"Plant 05","2025-02","Diesel fuel combustion - mobile sources","2001.00","L"
"Plant 05","2025-02","Gasoline fuel combustion - mobile sources","868.00","L"
"Plant 05","2025-02","Concrete production - ready-mixed","17040.00","kg"
"Plant 05","2025-02","Aluminum production - primary","2664.00","kg"
"Plant 05","2025-02","Paper production - virgin fiber","3699.00","kg"
"Plant 05","2025-02","Plastic production - general polymers","3197.00","kg"
"Plant 05","2025-02","Road freight transport - heavy truck","59220.00","t-km"
"Plant 05","2025-02","Air travel - short haul","12441.00","passenger-km"
"Plant 05","2025-02","Rail freight transport","48960.00","t-km"
"Plant 05","2025-02","Water consumption - municipal supply","7176.00","m3"
"Plant 05","2025-02","Waste to landfill - mixed municipal","1288.00","kg"
"Plant 05","2025-02","Copper production - primary","766.80","kg"
"Plant 05","2025-02","Glass production - container glass","3024.00","kg"
"Plant 05","2025-02","Cotton textile production","616.50","kg"
"Plant 05","2025-02","District heating - natural gas boiler","24325.00","kWh"
"Plant 05","2025-02","Refrigerant use - HFC leakage","3.38","kg"
"Plant 05","2025-02","General industrial activity","915.20","unit"
"Plant 05","2025-03","Steel production - basic oxygen furnace","27102.50","kg"
"Plant 05","2025-03","Electricity generation - grid average","58590.00","kWh"
"Plant 05","2025-03","Natural gas combustion - industrial","10754.00","m3"
"Plant 05","2025-03","Diesel fuel combustion - mobile sources","2080.75","L"
"Plant 05","2025-03","Gasoline fuel combustion - mobile sources","902.10","L"
"Plant 05","2025-03","Concrete production - ready-mixed","16620.00","kg"
"Plant 05","2025-03","Aluminum production - primary","2599.25","kg"
"Plant 05","2025-03","Paper production - virgin fiber","3847.50","kg"
"Plant 05","2025-03","Plastic production - general polymers","3323.50","kg"
"Plant 05","2025-03","Road freight transport - heavy truck","61530.00","t-km"
"Plant 05","2025-03","Air travel - short haul","12136.50","passenger-km"
"Plant 05","2025-03","Rail freight transport","50940.00","t-km"
"Plant 05","2025-03","Water consumption - municipal supply","7462.00","m3"
"Plant 05","2025-03","Waste to landfill - mixed municipal","1338.60","kg"
"Plant 05","2025-03","Copper production - primary","747.90","kg"
"Plant 05","2025-03","Glass production - container glass","2950.50","kg"
"Plant 05","2025-03","Cotton textile production","641.25","kg"
"Plant 05","2025-03","District heating - natural gas boiler","25287.50","kWh"
"Plant 05","2025-03","Refrigerant use - HFC leakage","3.52","kg"
"Plant 05","2025-03","General industrial activity","892.80","unit"
"Plant 05","2025-04","Steel production - basic oxygen furnace","26455.00","kg"
"Plant 05","2025-04","Electricity generation - grid average","60900.00","kWh"
"Plant 05","2025-04","Natural gas combustion - industrial","11172.00","m3"
"Plant 05","2025-04","Diesel fuel combustion - mobile sources","2160.50","L"
"Plant 05","2025-04","Gasoline fuel combustion - mobile sources","880.40","L"
"Plant 05","2025-04","Concrete production - ready-mixed","17280.00","kg"
"Plant 05","2025-04","Aluminum production - primary","2701.00","kg"
"Plant 05","2025-04","Paper production - virgin fiber","3996.00","kg"
"Plant 05","2025-04","Plastic production - general polymers","3243.00","kg"
"Plant 05","2025-04","Road freight transport - heavy truck","60060.00","t-km"
"Plant 05","2025-04","Air travel - short haul","12615.00","passenger-km"
"Plant 05","2025-04","Rail freight transport","52920.00","t-km"
"Plant 05","2025-04","Water consumption - municipal supply","7748.00","m3"
"Plant 05","2025-04","Waste to landfill - mixed municipal","1306.40","kg"
"Plant 05","2025-04","Copper production - primary","777.60","kg"
"Plant 05","2025-04","Glass production - container glass","3066.00","kg"
"Plant 05","2025-04","Cotton textile production","666.00","kg"
"Plant 05","2025-04","District heating - natural gas boiler","24675.00","kWh"
"Plant 05","2025-04","Refrigerant use - HFC leakage","3.43","kg"
"Plant 05","2025-04","General industrial activity","928.00","unit"
"Plant 05","2025-05","Steel production - basic oxygen furnace","27472.50","kg"
"Plant 05","2025-05","Electricity generation - grid average","63210.00","kWh"
"Plant 05","2025-05","Natural gas combustion - industrial","10906.00","m3"
"Plant 05","2025-05","Diesel fuel combustion - mobile sources","2109.75","L"
"Plant 05","2025-05","Gasoline fuel combustion - mobile sources","914.50","L"
"Plant 05","2025-05","Concrete production - ready-mixed","17940.00","kg"
"Plant 05","2025-05","Aluminum production - primary","2802.75","kg"
"Plant 05","2025-05","Paper production - virgin fiber","3901.50","kg"
"Plant 05","2025-05","Plastic production - general polymers","3369.50","kg"
"Plant 05","2025-05","Road freight transport - heavy truck","62370.00","t-km"
"Plant 05","2025-05","Air travel - short haul","13093.50","passenger-km"
"Plant 05","2025-05","Rail freight transport","51660.00","t-km"
"Plant 05","2025-05","Water consumption - municipal supply","7566.00","m3"
"Plant 05","2025-05","Waste to landfill - mixed municipal","1357.00","kg"
"Plant 05","2025-05","Copper production - primary","807.30","kg"
"Plant 05","2025-05","Glass production - container glass","3181.50","kg"
"Plant 05","2025-05","Cotton textile production","650.25","kg"
"Plant 05","2025-05","District heating - natural gas boiler","25637.50","kWh"
"Plant 05","2025-05","Refrigerant use - HFC leakage","3.56","kg"
"Plant 05","2025-05","General industrial activity","963.20","unit"
"Plant 05","2025-06","Steel production - basic oxygen furnace","28490.00","kg"
"Plant 05","2025-06","Electricity generation - grid average","61740.00","kWh"
"Plant 05","2025-06","Natural gas combustion - industrial","11324.00","m3"
"Plant 05","2025-06","Diesel fuel combustion - mobile sources","2189.50","L"
"Plant 05","2025-06","Gasoline fuel combustion - mobile sources","948.60","L"
"Plant 05","2025-06","Concrete production - ready-mixed","17520.00","kg"
"Plant 05","2025-06","Aluminum production - primary","2738.00","kg"
"Plant 05","2025-06","Paper production - virgin fiber","4050.00","kg"
"Plant 05","2025-06","Plastic production - general polymers","3496.00","kg"
"Plant 05","2025-06","Road freight transport - heavy truck","64680.00","t-km"
"Plant 05","2025-06","Air travel - short haul","12789.00","passenger-km"
"Plant 05","2025-06","Rail freight transport","53640.00","t-km"
"Plant 05","2025-06","Water consumption - municipal supply","7852.00","m3"
"Plant 05","2025-06","Waste to landfill - mixed municipal","1407.60","kg"
"Plant 05","2025-06","Copper production - primary","788.40","kg"
"Plant 05","2025-06","Glass production - container glass","3108.00","kg"
"Plant 05","2025-06","Cotton textile production","675.00","kg"
"Plant 05","2025-06","District heating - natural gas boiler","26600.00","kWh"
"Plant 05","2025-06","Refrigerant use - HFC leakage","3.70","kg"
"Plant 05","2025-06","General industrial activity","940.80","unit"
"Plant 05","2025-07","Steel production - basic oxygen furnace","27842.50","kg"
"Plant 05","2025-07","Electricity generation - grid average","64050.00","kWh"
"Plant 05","2025-07","Natural gas combustion - industrial","11742.00","m3"
"Plant 05","2025-07","Diesel fuel combustion - mobile sources","2269.25","L"
"Plant 05","2025-07","Gasoline fuel combustion - mobile sources","926.90","L"
"Plant 05","2025-07","Concrete production - ready-mixed","18180.00","kg"
"Plant 05","2025-07","Aluminum production - primary","2839.75","kg"
"Plant 05","2025-07","Paper production - virgin fiber","4198.50","kg"
"Plant 05","2025-07","Plastic production - general polymers","3415.50","kg"
"Plant 05","2025-07","Road freight transport - heavy truck","63210.00","t-km"
"Plant 05","2025-07","Air travel - short haul","13267.50","passenger-km"
"Plant 05","2025-07","Rail freight transport","55620.00","t-km"
"Plant 05","2025-07","Water consumption - municipal supply","8138.00","m3"
"Plant 05","2025-07","Waste to landfill - mixed municipal","1375.40","kg"
"Plant 05","2025-07","Copper production - primary","818.10","kg"
"Plant 05","2025-07","Glass production - container glass","3223.50","kg"
"Plant 05","2025-07","Cotton textile production","699.75","kg"
"Plant 05","2025-07","District heating - natural gas boiler","25987.50","kWh"
"Plant 05","2025-07","Refrigerant use - HFC leakage","3.61","kg"
"Plant 05","2025-07","General industrial activity","976.00","unit"
"Plant 05","2025-08","Steel production - basic oxygen furnace","28860.00","kg"
"Plant 05","2025-08","Electricity generation - grid average","66360.00","kWh"
"Plant 05","2025-08","Natural gas combustion - industrial","11476.00","m3"
"Plant 05","2025-08","Diesel fuel combustion - mobile sources","2218.50","L"
"Plant 05","2025-08","Gasoline fuel combustion - mobile sources","961.00","L"
"Plant 05","2025-08","Concrete production - ready-mixed","18840.00","kg"
"Plant 05","2025-08","Aluminum production - primary","2941.50","kg"
"Plant 05","2025-08","Paper production - virgin fiber","4104.00","kg"
"Plant 05","2025-08","Plastic production - general polymers","3542.00","kg"
"Plant 05","2025-08","Road freight transport - heavy truck","65520.00","t-km"
"Plant 05","2025-08","Air travel - short haul","13746.00","passenger-km"
"Plant 05","2025-08","Rail freight transport","54360.00","t-km"
"Plant 05","2025-08","Water consumption - municipal supply","7956.00","m3"
"Plant 05","2025-08","Waste to landfill - mixed municipal","1426.00","kg"
"Plant 05","2025-08","Copper production - primary","847.80","kg"
"Plant 05","2025-08","Glass production - container glass","3339.00","kg"
"Plant 05","2025-08","Cotton textile production","684.00","kg"
"Plant 05","2025-08","District heating - natural gas boiler","26950.00","kWh"
"Plant 05","2025-08","Refrigerant use - HFC leakage","3.74","kg"
"Plant 05","2025-08","General industrial activity","1011.20","unit"
"Plant 05","2025-09","Steel production - basic oxygen furnace","29877.50","kg"
"Plant 05","2025-09","Electricity generation - grid average","64890.00","kWh"
"Plant 05","2025-09","Natural gas combustion - industrial","11894.00","m3"
"Plant 05","2025-09","Diesel fuel combustion - mobile sources","2298.25","L"
"Plant 05","2025-09","Gasoline fuel combustion - mobile sources","995.10","L"
"Plant 05","2025-09","Concrete production - ready-mixed","18420.00","kg"
"Plant 05","2025-09","Aluminum production - primary","2876.75","kg"
"Plant 05","2025-09","Paper production - virgin fiber","4252.50","kg"
"Plant 05","2025-09","Plastic production - general polymers","3668.50","kg"
"Plant 05","2025-09","Road freight transport - heavy truck","67830.00","t-km"
"Plant 05","2025-09","Air travel - short haul","13441.50","passenger-km"
"Plant 05","2025-09","Rail freight transport","56340.00","t-km"
"Plant 05","2025-09","Water consumption - municipal supply","8242.00","m3"
"Plant 05","2025-09","Waste to landfill - mixed municipal","1476.60","kg"
"Plant 05","2025-09","Copper production - primary","828.90","kg"
"Plant 05","2025-09","Glass production - container glass","3265.50","kg"
"Plant 05","2025-09","Cotton textile production","708.75","kg"
"Plant 05","2025-09","District heating - natural gas boiler","27912.50","kWh"
"Plant 05","2025-09","Refrigerant use - HFC leakage","3.88","kg"
"Plant 05","2025-09","General industrial activity","988.80","unit"
"Plant 05","2025-10","Steel production - basic oxygen furnace","29230.00","kg"
"Plant 05","2025-10","Electricity generation - grid average","67200.00","kWh"
"Plant 05","2025-10","Natural gas combustion - industrial","12312.00","m3"
"Plant 05","2025-10","Diesel fuel combustion - mobile sources","2378.00","L"
"Plant 05","2025-10","Gasoline fuel combustion - mobile sources","973.40","L"
"Plant 05","2025-10","Concrete production - ready-mixed","19080.00","kg"
"Plant 05","2025-10","Aluminum production - primary","2978.50","kg"
"Plant 05","2025-10","Paper production - virgin fiber","4401.00","kg"
"Plant 05","2025-10","Plastic production - general polymers","3588.00","kg"
"Plant 05","2025-10","Road freight transport - heavy truck","66360.00","t-km"
"Plant 05","2025-10","Air travel - short haul","13920.00","passenger-km"
"Plant 05","2025-10","Rail freight transport","58320.00","t-km"
"Plant 05","2025-10","Water consumption - municipal supply","8528.00","m3"
"Plant 05","2025-10","Waste to landfill - mixed municipal","1444.40","kg"
"Plant 05","2025-10","Copper production - primary","858.60","kg"
"Plant 05","2025-10","Glass production - container glass","3381.00","kg"
"Plant 05","2025-10","Cotton textile production","733.50","kg"
"Plant 05","2025-10","District heating - natural gas boiler","27300.00","kWh"
"Plant 05","2025-10","Refrigerant use - HFC leakage","3.79","kg"
"Plant 05","2025-10","General industrial activity","1024.00","unit"
